University of Alaska	alaska.edu	Anchorage	AKAlaska Christian College	alaskacc.edu	Soldotna	AKNational Park Community College	npcc.edu	Hot Springs National Park	AKUniversity of Alaska Fairbanks	uaf.edu	Fairbanks	AKUniversity of Arkansas - Fort Smith	uafs.edu	Fort Smith	AKAlabama A&M University	aamu.edu	Huntville	ALAthens State University	athens.edu	Athens	ALAuburn University	auburn.edu	Auburn	ALAuburn University at Montgomery	aum.edu	Montgomery	ALBirmingham-Southern College	bsc.edu	Birmingham	ALCalhoun Community College	calhoun.edu	Decatur	ALEnterprise State Community College	escc.edu	Enterprise	ALFaulkner State Community College	faulknerstate.edu	Bay Minette	ALGadsden State Community College	gadsdenstate.edu	Gadsden	ALHuntingdon College	huntingdon.edu	Montgomery	ALJacksonville State University	jsu.edu	Jacksonville	ALLurleen B. Wallace Community College	lbwcc.edu	Andalusia	ALUniversity of Montevallo	montevallo.edu	Montevallo	ALNortheast Alabama Community College	nacc.edu	Rainsville	ALNorthwest-Shoals Community College	nwscc.edu	Muscle Shoals	ALOakwood University	oakwood.edu	Huntsville	ALSamford University	samford.edu	Birmingham	ALSoutheastern Bible College	sebc.edu	Birmingham	ALUniversity of South Alabama	southalabama.edu	Mobile	ALTrenholm State Technical College	trenholmstate.edu	Montgomery	ALTroy University	troy.edu	Troy	ALTuskegee University	tuskegee.edu	Tuskegee	ALUniversity of Alabama	ua.edu	Tuscaloosa	ALUniversity of Alabama at Birmingham	uab.edu	Birmingham	ALUniversity of Alabama in Huntsville	uah.edu	Huntsville	ALUniversity of North Alabama	una.edu	Florence	ALSnead State Community College	snead.edu	Boaz	ALArkansas Northeastern College	anc.edu	Blytheville	ARArkansas State University	astate.edu	Jonesboro	ARArkansas Tech University	atu.edu	Russellville	ARCentral Baptist College	cbc.edu	Conway	ARHarding University	harding.edu	Searcy	ARHendrix College	hendrix.edu	Conway	ARHenderson State University	hsu.edu	Arkadelphia	ARJohn Brown University	jbu.edu	Siloam Springs	ARLyon College	lyon.edu	Batesville	ARMid-South Community College	midsouthcc.edu	West Memphis	ARNorth Arkansas College	northark.edu	Harrison	ARNorthwest Arkansas Community College	nwacc.edu	Bentonville	ARNorthwest Technical Institute	nwti.edu	Springdale	AROuachita Baptist University	obu.edu	Arkadelphia	ARUniversity of the Ozarks	ozarks.edu	Clarksville	ARPhillips Community College U of A	pccua.edu	Helena-West Helena	ARPulaski Technical College	pulaskitech.edu	North Little Rock	ARSouthern Arkansas University Magnolia	saumag.edu	Magnolia	ARSoutheast Arkansas College	seark.edu	Pine Bluff	ARUniversity of Arkansas Community College Batesville	uaccb.edu	Batesville	ARUniversity of Arkansas at Little Rock	ualr.edu	Little Rock	ARUniversity of Arkansas for Medical Sciences	uams.edu	Little Rock	ARUniversity of Arkansas at Pine Bluff	uapb.edu	Pine Bluff	ARUniversity of Arkansas	uark.edu	Fayetteville	ARUniversity of Central Arkansas	uca.edu	Conway	ARWilliams Baptist College	wbcoll.edu	Walnut Ridge	ARUniversity of Arizona	arizona.edu	Tucson	AZArizona State University	asu.edu	Tempe	AZArizona Western College	azwestern.edu	Yuma	AZBryan University	bryanuniversity.edu	Tempe	AZCentral Arizona College	centralaz.edu	Coolidge	AZGlendale Community College	gccaz.edu	Glendale	AZGrand Canyon University	gcu.edu	Phoenix	AZMaricopa Community Colleges	maricopa.edu	Phoenix	AZMesa Community College	mesacc.edu	Mesa	AZNorthern Arizona University	nau.edu	Flagstaff	AZNorthland Pioneer College	npc.edu	(multiple locations)	AZUniversity of Phoenix	phoenix.edu	Tempe	AZPhoenix College	phoenixcollege.edu	Phoenix	AZPima Community College	pima.edu	Tucson	AZPrescott College	prescott.edu	Prescott	AZRio Salado College	riosalado.edu	Tempe	AZSouth Mountain Community College	southmountaincc.edu	Pheonix	AZUniversity of Advancing Technology	uat.edu	Tempe	AZYavapai College	yc.edu	Prescott	AZAcademy of Arts University	academyart.edu	San Francisco	CAAdance Computing Institute	advancedcomputinginstitute.edu	Los Angeles	CAAcupuncture & Integrative Medicine College	aimc.edu	Berkeley	CAAlliant International University	alliant.edu	Alhambra	CAAllied American University	allied.edu	Laguna Hills	CAAnaheim University	anaheim.edu	Anaheim	CAAngeles College	angelescollege.edu	Los Angeles	CAAntioch University Los Angeles	antiochla.edu	Culver City	CAArgosy University	argosy.edu	(multiple locations)	CAArt Center College of Design	artcenter.edu	Pasadena	CAThe Art Institute	artinstitutes.edu	(multiple locations)	CAAshford University	ashford.edu	San Diego	CAATI College	ati.edu	Norwalk	CAAntelope Valley College	avc.edu	Lancaster	CABakersfield College	bakersfieldcollege.edu	Bakersfield	CABarstow Community College	barstow.edu	Barstow	CABerkeley University of California	berkeley.edu	Berkeley	CABerkeley City College	berkeleycitycollege.edu	Berkeley	CABrandman University	brandman.edu	Irvine	CAButte College	butte.edu	Oroville	CACabrillo College	cabrillo.edu	Aptos	CACalifornia Institute of the Arts	calarts.edu	Valencie	CACalifornia Baptist University	calbaptist.edu	Riverside	CACalifornia Lutheran University	callutheran.edu	Thousand Oaks	CACalifornia Miramar University	calmu.edu	San Diego	CACalifornia Polytechnic State University	calpoly.edu	San Luis Obispo	CACalifornia State University	calstate.edu	Long Beach	CACalifornia Institute of Technology	caltech.edu	Pasadena	CACanada College	canadacollege.edu	Redwood City	CACollege of the Canyons	canyons.edu	Santa Clarita	CACalifornia College of the Arts	cca.edu	San Francisco	CACalifornia Community Colleges Chanellor's Office	cccco.edu	Sacramento	CACity College of San Francisco	ccsf.edu	San Francisco	CACerritos College	cerritos.edu	Norwalk	CACerro Coso Community College	cerrocoso.edu	Ridgecrest	CAClaremont Graduate University	cgu.edu	Claremont	CAChaffey College	chaffey.edu	Rancho Cucamonga	CAChapman University	chapman.edu	Orange	CACalifornia Institute of Integral Studies	ciis.edu	San Francisco	CACitrus College	citruscollege.edu	Glendora	CAThe Claremont Colleges	claremont.edu	Claremont	CAClaremont McKenna College	cmc.edu	Claremont	CACopper Mountain College	cmccd.edu	(multiple locations)	CACogswell Polytechnical College	cogswell.edu	Sunnyvale	CACollege of San Mateo	collegeofsanmateo.edu	San Mateo	CACollege of the Desert	collegeofthedesert.edu	Palm Desert	CAEl Camino College Compton Center	compton.edu	Compton	CAContra Costa College	contracosta.edu	San Pablo	CACollege of the Sequoias	cos.edu	Visalia	CACrafton Hills College	craftonhills.edu	Yucaipa	CACalifornia State University Bakersfield	csub.edu	Bakersfield	CACalifornia State University Channel Islands	csuci.edu	Camarillo	CACalifornia State University Dominguez Hills	csudh.edu	Carson	CACalifornia State University East Bay	csueastbay.edu	Hayward	CAFresno State	fresnostate.edu	Fresno	CACalifornia State University Long Beach	csulb.edu	Long Beach	CACalifornia State University Monterey Bay	csumb.edu	Seaside	CACalifornia State University Northridge	csun.edu	Northridge	CACalifornia State Polytechnic University Pomona	csupomona.edu	Pomona	CACalifornia State University Sacramento	csus.edu	Sacramento	CACalifornia State University San Bernardino	csusb.edu	San Bernardino	CACalifornia State University San Marcos	csusm.edu	San Marcos	CACalifornia State University Stanislaus	csustan.edu	Stanislaus	CACuesta College	cuesta.edu	San Luis Obispo	CACuyamaca College	cuyamaca.edu	El Cajon	CACalifornia Western School of Law San Diego	cwsl.edu	San Diego	CACypress College	cypresscollege.edu	Cypress	CADeAnza College	deanza.edu	Cupertino	CASan Joaquin Delta College	deltacollege.edu	Stockton	CADominican University of California	dominican.edu	San Rafael	CADominican School of Philosophy and Theology	dspt.edu	Berkeley	CADiablo Valley College	dvc.edu	Pleasant Hill	CAEast Los Angeles College	elac.edu	Monterey Park	CAEl Camino College	elcamino.edu	Torrance	CAEx'pression College	expression.edu	San Jose	CAFoothill-De Anza Community College District	fhda.edu	Los Altos Hills	CAFashion Institute of Design & Merchandising	fidm.edu	San Francisco	CAFielding Graduate University	fielding.edu	Santa Barbara	CAFoothill College	foothill.edu	Los Altos Hills	CAFresno Pacific University	fresno.edu	Fresno	CAFresno City College	fresnocitycollege.edu	Fresno	CAFrederick Taylor University	ftu.edu	Moraga	CAFullerton College	fullcoll.edu	Fullerton	CAFuller Theological Seminary	fuller.edu	Pasadena	CACalifornia State University Fullerton	fullerton.edu	Fullerton	CAGavilan College	gavilan.edu	Gilroy	CAGolden Gate Baptist Theological Seminary	ggbts.edu	Mill Valley	CAGlendale Community College	glendale.edu	Glendale	CAGnomon School of Visual Effects	gnomon.edu	Hollywood	CAColumbia College	gocolumbia.edu	Sonora	CAGolden West College	goldenwestcollege.edu	Huntington Beach	CAGrossmont College	grossmont.edu	El Cajon	CAAllan Hancock College	hancockcollege.edu	Santa Maria	CAHartnell College	hartnell.edu	Salinas	CAHenley-Putnam University	henley-putnam.edu	Santa Clara	CAHarvey Mudd College	hmc.edu	Claremont	CAHoly Names University	hnu.edu	Oakland	CAHumboldt State University	humboldt.edu	Arcata	CAHumphreys College	humphreys.edu	Stockton	CAImperial Valley College	imperial.edu	Imperial	CAInternational Sports Sciences Association	issaonline.edu	Carpinteria	CAInternational Technological University	itu.edu	San Jose	CAIrvine Valley College	ivc.edu	Irvine	CAWilliam Jessup University	jessup.edu	Rocklin	CAJohn F. Kennedy University	jfku.edu	Pleasant Hill	CAKeck Graduate Institute	kgi.edu	Claremont	CAMount Saint Mary's College	la.edu	Los Angeles	CALos Angeles Community College District	laccd.edu	Los Angeles	CALos Angeles City College	lacitycollege.edu	Los Angeles	CALos Angeles Harbor College	lahc.edu	Wilmington	CALos Angeles Mission College	lamission.edu	Sylmar	CALaney College	laney.edu	Oakland	CALos Angeles Southwest College	lasc.edu	Los Angeles	CALa Sierra University	lasierra.edu	Riverside	CALas Positas College	laspositascollege.edu	Livermore	CALos Angeles Trade-Tech Community College	lattc.edu	Los Angeles	CALaurus College	lauruscollege.edu	Santa Maria	CALos Angeles Valley College	lavc.edu	Valley Glen	CAUniversity of La Verne	laverne.edu	La Verne	CAUCLA School of Law	ucla.edu	Los Angeles	CALong Beach City College	lbcc.edu	Long Beach	CALife Chiropractic College West	lifewest.edu	Hayward	CALoma Linda University	llu.edu	Loma Linda	CALoyola Marymount University	lmu.edu	Los Angeles	CALos Medanos College	losmedanos.edu	Pittsburg	CALos Rios Community College District	losrios.edu	Sacramento	CALake Tahoe Community College	ltcc.edu	South Lake Tahoe	CACollege of Marin	marin.edu	Kentfield	CAMarymount California University	marymountcalifornia.edu	Rancho Palos Verdes	CAThe Master's College	masters.edu	Santa Clarita	CAMerced Community College	mccd.edu	Merced	CAMills College	mills.edu	Oakland	CAMiraCosta College	miracosta.edu	Oceanside	CAModesto Junior College	mjc.edu	Modesto	CAMount San Jacinto College	msjc.edu	(multiple locations)	CAMount San Antonio College	mtsac.edu	Walnut	CANapa Valley College	napavalley.edu	Napa	CANotre Dame de Namur University	ndnu.edu	Belmont	CANewSchool of Architecture and Design	newschoolarch.edu	San Diego	CANorco College	norcocollege.edu	Norco	CANaval Postgraduate School	nps.edu	Monterey	CAOhlone College	ohlone.edu	Fremont	CAOrange Coast College	orangecoastcollege.edu	Costa Mesa	CAOtis College of Art and Design	otis.edu	Los Angeles	CAOccidental College	oxy.edu	Los Angeles	CAUniversity of the Pacific	pacific.edu	Stockton	CAPacific College of Oriental Medicine	pacificcollege.edu	San Diego	CAPalomar College	palomar.edu	San Marcos	CAPasadena City College	pasadena.edu	Pasadena	CAPepperdine University	pepperdine.edu	Malibu	CAPeralta Community College District	peralta.edu	Oakland	CAPierce College	piercecollege.edu	Woodland Hills	CAPitzer College	pitzer.edu	Claremont	CAPacific Lutheran Theological Seminary	plts.edu	Berkeley	CAPoint Loma Nazarene University	pointloma.edu	San Diego	CAPomona College	pomona.edu	Claremont	CAPorterville College	portervillecollege.edu	Porterville	CAPacific School of Religion	psr.edu	Berkeley	CARiverside City College	rcc.edu	Riverside	CARiverside Community College District	rccd.edu	Riverside	CAUniversity of Redlands	redlands.edu	Redlands	CACollege of the Redwoods	redwoods.edu	Eureka	CARio Hondo College	riohondo.edu	Whittier	CARosemead College	rosemeadcollege.edu	Rosemead	CASanta Ana College	sac.edu	Santa Ana	CASaddleback College	saddleback.edu	Mission Viejo	CAUniversity of San Diego	sandiego.edu	San Diego	CASanta Rosa Junior College	santarosa.edu	Santa Rosa	CASanta Barbara City College	sbcc.edu	Santa Barbara	CASchool of Continuing Education	sce.edu	Anaheim	CAScripps College	scrippscollege.edu	Claremont	CASanta Clara University	scu.edu	Santa Clara	CASouthern California University of Health Sciences	scuhs.edu	Whittier	CASan Diego City College	sdcity.edu	San Diego	CASan Diego Mesa College	sdmesa.edu	San Diego	CASan Diego State University	sdsu.edu	San Diego	CASan Francisco State University	sfsu.edu	San Francisco	CAShasta College	shastacollege.edu	Redding	CAThe Institute of Buddhist Studies	shin-ibs.edu	Berkeley	CASierra College	sierracollege.edu	Rocklin	CASimpson University	simpsonu.edu	Redding	CACollege of the Siskiyous	siskiyous.edu	Weed	CASan Jose State University	sjsu.edu	San Jose	CAStarr King School for the Ministry	sksm.edu	Berkeley	CASkyline College	skylinecollege.edu	San Bruno	CASanta Monica College	smc.edu	Santa Monica	CASan Mateo County Community College	smccd.edu	San Mateo	CASoka University of America	soka.edu	Aliso Viejo	CASolano Community College	solano.edu	(multiple locations)	CASonoma State University	sonoma.edu	Rohnert Park	CAStanford University	stanford.edu	Stanford	CASaint Mary's College	stmarys-ca.edu	Moraga	CATaft College	taftcollege.edu	Taft	CATouro University California	tu.edu	Vallejo	CAUniversity of California Davis	ucdavis.edu	Davis	CAUniversity of California Hastings College of the Law	uchastings.edu	San Francisco	CAUniversity of California Irvine	uci.edu	Irvine	CAUniversity of California Los Angeles	ucla.edu	Los Angeles	CAUniversity of California Los Angeles Extension	uclaextension.edu	Los Angeles	CAUniversity of California Merced	ucmerced.edu	Merced	CAUniversity of California	ucop.edu	Oakland	CAUniversity of California Press	ucpress.edu	(multiple locations)	CAUniversity of California Riverside	ucr.edu	Riverside	CAUniversity of California Santa Barbara	ucsb.edu	Santa Barbara	CAUniversity of California Santa Cruz	ucsc.edu	Santa Cruz	CAUniversity of California Santa Cruz Silicon Valley Extension	ucsc-extension.edu	Santa Clara	CAUniversity of California San Diego	ucsd.edu	La Jolla	CAUniversity of California San Francisco	ucsf.edu	San Francisco	CAUniversity of California	universityofcalifornia.edu	Berkeley	CAUniversity of the Pacific	uop.edu	Stockton	CAUniversity of Southern California	usc.edu	Los Angeles	CAUniversity of Southern California	isi.edu	Los Angeles	CAUniversity of San Francisco	usfca.edu	San Francisco	CASan Bernardino Valley College	valleycollege.edu	San Bernardino	CAVentura College	venturacollege.edu	Ventura	CAVictor Valley College	vvc.edu	Victorville	CAWest Coast Baptist College	wcbc.edu	Lancaster	CAWestern University of Health Sciences	westernu.edu	Pamona	CAWestmont College	westmont.edu	Santa Barbara	CAWest Valley College	westvalley.edu	Saratoga	CAWest Hills Community College District	whccd.edu	Coalinga	CAWhittier College	whittier.edu	Whittier	CAWest Los Angeles College	wlac.edu	Culver City	CAYuba Community College District	yccd.edu	Marysville	CAYosemite Community College District	yosemite.edu	Modesto	CAUnitek College	unitekcollege.edu	Fremont	CAVanguard University	vanguard.edu	Costa Mesa	CASouthwestern College	swcc.edu	Chula Vista	CAMonterey Institute of International Studies	miis.edu	Monterey	CAAdams State University	adams.edu	Alamosa	COAuraria Higher Education Center	ahec.edu	Denver	COAims Community College	aims.edu	Greeley	COArapahoe Community College	arapahoe.edu	Littleton	COCommunity College of Aurora	ccaurora.edu	(multiple locations)	COCommunity College of Denver	ccd.edu	Denver	COColorado Heights University	chu.edu	Denver	COUniversity of Colorado Boulder	colorado.edu	Boulder	COColorado College	coloradocollege.edu	Colorado Springs	COColorado Mesa University	coloradomesa.edu	Grand Junction	COColorado State University	colostate.edu	Fort Collins	COColorado State University-Pueblo	colostate-pueblo.edu	Pueblo	COUniversity of Denver	du.edu	Denver	COFort Lewis College	fortlewis.edu	Durango	COFront Range Community College	frontrange.edu	Westminster	COJones International University	jiu.edu	Centennial	COColorado School of Mines	mines.edu	Golden	COMetropolitan State University of Denver	msudenver.edu	Denver	CONaropa University	naropa.edu	Boulder	COPikes Peak Community College	ppcc.edu	Colorado Springs	COPueblo Community College	pueblocc.edu	(multiple locations)	CORedstone College	redstone.edu	Denver	CORegis University	regis.edu	Denver	COUniversity of the Rockies	rockies.edu	Colorado Springs	CORed Rocks Community College	rrcc.edu	Lakewood	COWilliam Howard Taft University	taft.edu	Denver	COUniversity Corporation for Atmospheric Research	ucar.edu	Boulder	COUniversity of Colorado Colorado Springs	uccs.edu	Colorado Springs	COUniversity of Colorado Denver	ucdenver.edu	(multiple locations)	COUniversity of Northern Colorado	unco.edu	Greeley	COUniversity of Colorado	cu.edu	Denver	COWestern State Colorado University	western.edu	Gunnison	COAlbertus Magnus College	albertus.edu	New Haven	CTAsnuntuck Community College	asnuntuck.edu	Enfield	CTConnecticut College	conncoll.edu	New London	CTEastern Connecticut State University	easternct.edu	Willimantic	CTFairfield University	fairfield.edu	Fairfield	CTGoodwin College	goodwin.edu	East Hartfod	CTUniversity of Hartford	hartford.edu	West Hartford	CTHartford Seminary	hartsem.edu	Hartford	CTUniversity of New Haven	newhaven.edu	West Haven	CTQueens University of Charlotte	quinnipiac.edu	Hamden	CTQuinebaug Valley Community College	qvcc.edu	Danielson	CTSacred Heart University	sacredheart.edu	Fairfield	CTSouthern Connecticut State University	southernct.edu	New Haven	CTThree Rivers Community College	threerivers.edu	Norwich	CTTrinity College	trincoll.edu	Hartford	CTTunxis Community College	tunxis.edu	Farmington	CTUniversity of Connecticut Health Center	uchc.edu	Farmington	CTUniversity of Connecticut	uconn.edu	Storrs	CTUniversity of Saint Joseph Connecticut	usj.edu	West Hartford	CTWestern Connecticut State University	wcsu.edu	Danbury	CTWesleyan University	wesleyan.edu	Middletown	CTYale University	yale.edu	New Haven	CTAmerican University	american.edu	Washington	DCCarnegie Institution for Science	carnegiescience.edu	Washington	DCThe Catholic University of America	cua.edu	Washington	DCGallaudet University	gallaudet.edu	Washington	DCGeorgetown University	georgetown.edu	Washington	DCGeorgetown University	goergetown.edu	Washington	DCThe George Washington University	gwu.edu	Washington	DCHoward University	howard.edu	Washington	DCJohns Hopkins School of Advanced International Studies	sais-jhu.edu	Washington	DCUniversity of California Washington Center	ucdc.edu	Washington	DCUniversity of the District of Columbia	udc.edu	Washington	DCDelaware State University	desu.edu	Dover	DEDelaware Technical Community College	dtcc.edu	Dover	DEGoldey-Beacom College	gbc.edu	Wilmington	DEUniversity of Delaware	udel.edu	Newark	DEWesley College	wesley.edu	Dover	DEWilmington University	wilmu.edu	New Castle	DECarlos Albizu University	albizu.edu	Miami	FLAcupuncture Massage College	amcollege.edu	Miami	FLAtlantic Institute of Oriental Medicine	atom.edu	Fort Lauderdale	FLBarry University	barry.edu	Miami Shores	FLBroward College	broward.edu	Fort Lauderdale	FLCollege of Central Florida	cf.edu	Ocala	FLChipola College	chipola.edu	Marianna	FLBethune-Cookman University	cookman.edu	Daytona Beach	FLDade Medical College	dadmedical.edu	Miami	FLDaytona State College	daytonastate.edu	Daytona Beach	FLEckerd College	eckerd.edu	Saint Petersburg	FLEdison State College	edison.edu	Fort Myers	FLEmbry-Riddle Aeronautical University	erau.edu	Daytona Beach	FLEverglades University	evergladesuniversity.edu	Boca Raton	FLFlorida Atlantic University	fau.edu	Boca Raton	FLFlorida Gulf Coast University	fgcu.edu	Fort Myers	FLFlorida Institute of Technology	fit.edu	Melbourne	FLFlorida International University	fiu.edu	Miami	FLFlagler College	flagler.edu	Saint Augustine	FLFlorida Southern College	flsouthern.edu	Lakeland	FLFlorida National University	fnu.edu	Hialeah	FLFlorida State College at Jacksonville	fscj.edu	Jacksonville	FLFlorida State University	fsu.edu	Tallahassee	FLGulf Coast State College	gulfcoast.edu	Panama City	FLHillsborough Community College	hccfl.edu	Tampa	FLJacksonville University	ju.edu	Jacksonville	FLKeiser University	keiseruniversity.edu	Fort Lauderdale	FLLoraines Academy Incorporated	lorainesacademy.edu	Saint Petersburg	FLLake Sumter State College	lssc.edu	Leesburg	FLLynn University	lynn.edu	Boca Raton	FLMillennia Atlantic University	maufl.edu	Doral	FLMiami Dade College	mdc.edu	Miami	FLUniversity of Miami	miami.edu	Coral Gables	FLMiami International University of Art and Design	mymiu.edu	Miami	FLNew College of Florida	ncf.edu	Sarasota	FLNorth Florida Community College	nfcc.edu	Madison	FLNova Southeastern University	nova.edu	Fort Lauderdale	FLNational University of Health Sciences	nuhs.edu	(multiple locations)	FLNorthwest Florida State College	nwfsc.edu	Niceville	FLPalm Beach State College	palmbeachstate.edu	Lake Worth	FLPalm Beach Atlantic University	pba.edu	West Palm Beach	FLPensacola State College	pensacolastate.edu	Pensacola	FLPasco-Hernando State College	phsc.edu	New Port Richey	FLRingling College of Art and Design	ringling.edu	Sarasota	FLRollins College	rollins.edu	Winter Park	FLSaint Leo University	saintleo.edu	Saint Leo	FLState College of Florida	scf.edu	Bradenton	FLSeminole State College of Florida	seminolestate.edu	Sanford	FLSanta Fe College	sfcollege.edu	Gainesville	FLSouth Florida State College	southflorida.edu	Avon Park	FLSpace Coast Health Institute	spacecoast.edu	Melbourne	FLSaint Petersburg College	spcollege.edu	Saint Petersburg	FLStetson University	stetson.edu	DeLand	FLSaint Thomas University	stu.edu	Miami Gardens	FLSaint Vincent de Paul Regional Seminary	svdp.edu	Boynton Beach	FLTraviss Career Center	traviss.edu	Lakeland	FLUniversity of Central Florida	ucf.edu	Orlando	FLUniversity of Florida	ufl.edu	Gainesville	FLUniversity of North Florida	unf.edu	Jacksonville	FLUniversity of South Florida	usf.edu	Fowler Avenue	FLUniversity of South Florida Sarasota-Manatee	usfsm.edu	Sarasota	FLUniversity of South Florida Saint Petersburg	usfsp.edu	Saint Petersburg	FLUniversity of Tampa	ut.edu	Tampa	FLUniversity of West Florida	uwf.edu	Pensacola	FLValencia College	valenciacollege.edu	Orlando	FLWarner University	warner.edu	Lake Wales	FLWebber International University	webber.edu	Babson Park	FLAgnes Scott College	agnesscott.edu	Decatur	GAAlbany Technical College	albanytech.edu	Albany	GAArmstrong Atlantic State University	armstrong.edu	Savannah	GAAtlanta Technical College	atlantatech.edu	Atlanta	GAAtlanta Metropolitan State College	atlm.edu	Atlanta	GABerry College	berry.edu	Mount Berry	GACarver College	carver.edu	Atlanta	GAChild Care Education Institute	cceionline.edu	Duluth	GACentral Georgia Technical College	centralgatech.edu	Macon	GAClayton State University	clayton.edu	Morrow	GAColumbus State University	columbusstate.edu	Columbus	GAColumbus Technical College	columbustech.edu	Columbus	GACovenant College	covenant.edu	Lookout Mountain	GADalton State	daltonstate.edu	Dalton	GADarton State College	darton.edu	Albany	GAEast Georgia State College	ega.edu	Swainsboro	GAEmory University	emory.edu	Atlanta	GAGeorgia Institute of Technology	gatech.edu	Atlanta	GAGeorgia College	gcsu.edu	Milledgeville	GAGeorgia Southern University	georgiasouthern.edu	Statesboro	GAGeorgia Gwinnett College	ggc.edu	Lawrenceville	GAGeorgia Perimeter College	gpc.edu	Decatur	GAGeorgia Regents University Augusta	gru.edu	Augusta	GAGeorgia State University	gsu.edu	Atlanta	GAGeorgia South Western State University	gsw.edu	Americus	GAInteractive College of Technology	ict.edu	Morrow	GAAtlanta's John Marshall Law School	johnmarshall.edu	Atlanta	GAKennesaw State University	kennesaw.edu	Kennesaw	GALanier Technical College	laniertech.edu	Oakwood	GALife University	life.edu	Marietta	GAMercer University	mercer.edu	Macon	GAMiddle Georgia State College	mga.edu	Macon	GAMorehouse College	morehouse.edu	Atlanta	GAMorehouse School of Medicine	msm.edu	Atlanta	GANorth Georgia Technical College	northgatech.edu	(multiple locations)	GAOglethorpe University	oglethorpe.edu	Atlanta	GAOkefenokee Technical College	okefenokeetech.edu	Waycross	GAPaine College	paine.edu	Augusta	GAPfeiffer University	pfeiffer.edu	Decatur	GAPiedmont College	piedmont.edu	Demorest	GAReinhardt University	reinhardt.edu	Waleska	GASavannah State University	savannahstate.edu	Savannah	GASavannah College of Art and Design	scad.edu	Savannah	GAShorter University	shorter.edu	(multiple locations)	GASoutheastern Technical College	southeasterntech.edu	Vidalia	GASpelman College	spelman.edu	Atlanta	GASouthern Polytechnic State University	spsu.edu	Marietta	GAThomas University	thomasu.edu	Thomasville	GAUniversity of Georgia	uga.edu	Athens	GAUniversity of North Georgia	ung.edu	Dahlonega	GAUniversity System of Georgia	usg.edu	Atlanta	GAValdosta State University	valdosta.edu	Valdosta	GAUniversity of West Georgia	westga.edu	Carrollton	GAWiregrass Georgia Technical College	wiregrass.edu	Valdosta	GABrigham Young University Hawaii	byuh.edu	Laie	HIChaminade University	chaminade.edu	Honolulu	HIUniversity of Hawaii at Manoa	hawaii.edu	Honolulu	HIMid-Pacific Institute	midpac.edu	Honolulu	HIAIB College of Business	aib.edu	Des Moines	IACentral College	central.edu	Pella	IACoe College	coe.edu	Cedar Rapids	IACornell College	cornellcollege.edu	Mount Vernon	IADes Moines Area Community College	dmacc.edu	Boone	IADordt College	dordt.edu	Sioux Center	IADrake University	drake.edu	Des Moines	IADivine Word College	dwci.edu	Epworth	IAEastern Iowa Community Colleges	eicc.edu	Davenport	IAGrinnell College	grinnell.edu	Grinnell	IAHawkeye Community College	hawkeyecollege.edu	Waterloo	IAIowa State University	iastate.edu	Ames	IAIowa Central Community College	iowacentral.edu	Fort Dodge	IAIowa Wesleyan College	iwc.edu	Mount Pleasant	IAIowa Western Community College	iwcc.edu	Council Bluffs	IAKaplan University	kaplanuniversity.edu	(multiple locations)	IAKirkwood Community College	kirkwood.edu	Cedar Rapids	IALa' James College	lajames.edu	Mason City	IALoras College	loras.edu	Dubuque	IALuther College	luther.edu	Decorah	IAMaharishi University of Management	mum.edu	Fairfield	IANortheast Iowa Community College	nicc.edu	Calmar	IAPalmer College of Chiropractic	palmer.edu	Davenport	IASaint Ambrose University	sau.edu	Davenport	IASimpson College	simpson.edu	Indianola	IASouthwestern Community College	swcciowa.edu	(multiple locations)	IAUniveristy of Iowa	uiowa.edu	Iowa City	IAUpper Iowa University	uiu.edu	Fayette	IAUniversity of Northern Iowa	uni.edu	Cedar Falls	IAWartburg College	wartburg.edu	Waverly	IAWaldorf College	waldorf.edu	Forest City	IABoise State University	boisestate.edu	Boise	IDBrigham Young University Idaho	byui.edu	Rexburg	IDThe College of Idaho	collegeofidaho.edu	Caldwell	IDCollege of Southern Idaho	csi.edu	Twin Falls	IDIdaho State University	isu.edu	Pocatello	IDUniversity of Idaho	uidaho.edu	Moscow	IDAugustana College	augustana.edu	Rock Island	ILAurora University	aurora.edu	Aurora	ILBenedictine University	ben.edu	Lisle	ILBradley University	bradley.edu	Peoria	ILCity Colleges of Chicago	ccc.edu	Chicago	ILThe University of Chicago Booth School of Business	chicagobooth.edu	Chicago	ILCollege of Lake County	clcillinois.edu	Grayslake	ILCollege of DuPage	cod.edu	Glen Ellyn	ILColumbia College Chicago	colum.edu	Chicago	ILDanville Area Community College	dacc.edu	Danville	ILDePaul University	depaul.edu	Chicago	ILDominican University	dom.edu	River Forest	ILEastern Illinois University	eiu.edu	Charleston	ILElmhurst College	elmhurst.edu	Elmhurst	ILGovernors State	govst.edu	University Park	ILGreenville College	greenville.edu	Greenville	ILThe Hadley School for the Blind	hadley.edu	Winnetka	ILHarper College	harpercollege.edu	Palatine	ILHeartland Community College	heartland.edu	Normal	ILIllinois Central College	icc.edu	East Peoria	ILIllinois College of Optometry	ico.edu	Chicago	ILIllinois Institute of Technology	iit.edu	Chicago	ILUniversity of Illinois at Urbana-Champaign	illinois.edu	Champaign	ILUniversity of Illinois at Urbana-Champaign	uiuc.edu	Champaign	ILIllinois State University	illinoisstate.edu	Normal	ILIllinois Mathematics and Science Academy	imsa.edu	Aurora	ILIllinois Valley Community College	ivcc.edu	Oglesby	ILIllinois Wesleyan University	iwu.edu	Bloomington	ILJohn A. Logan College	jalc.edu	Carterville	ILJoliet Junior College	jjc.edu	Joliet	ILThe John Marshall Law School	jmls.edu	Chicago	ILJudson University	judsonu.edu	Elgin	ILKaskaskia College	kaskaskia.edu	Centralia	ILKankakee Community College	kcc.edu	Kankakee	ILIIT Chicago-Kent College of Law	iit.edu	Chicago	ILKishwaukee College	kishwaukeecollege.edu	Malta	ILKnox College	knox.edu	Galesburg	ILLake Forest College	lakeforest.edu	Lake Forest	ILLakeview College of Nursing	lakeviewcol.edu	Danville	ILLewis and Clark Community College	lc.edu	Godfrey	ILLewis University	lewisu.edu	Romeoville	ILLincoln Land Community College	llcc.edu	Springfield	ILLoyola University Chicago	luc.edu	Chicago	ILMidwestern Career College	mccollege.edu	Chicago	ILMcHenry County College	mchenry.edu	Crystal Lake	ILMcKendree University	mckendree.edu	Lebanon	ILMidwestern University	midwestern.edu	(multiple locations)	ILMonmouth College	monmouthcollege.edu	Monmouth	ILMoraine Valley Community College	morainevalley.edu	Palos Hills	ILMorton College	morton.edu	Cicero	ILNortheastern Illinois University	neiu.edu	Chicago	ILNorthern Illinois University	niu.edu	DeKalb	ILNational Louis University	nl.edu	Chicago	ILNorth Park University	northpark.edu	Chicago	ILNorthwestern University	northwestern.edu	Evanston	ILOakton Community College	oakton.edu	Des Plaines	ILOlivet Nazarene University	olivet.edu	Bourbonnais	ILChicago ORT Technical Institute	ortchicagotech.edu	Skokie	ILParkland College	parkland.edu	Champaign	ILPrairie State College	prairiestate.edu	Chicago Heights	ILPrincipia College	principiacollege.edu	Elsah	ILResurrection University	resu.edu	Chicago	ILRobert Morris University Illinois	robertmorris.edu	Chicago	ILRockford University	rockford.edu	Rockford	ILRock Valley College	rockvalleycollege.edu	Rockford	ILRoosevelt University	roosevelt.edu	Chicago	ILRosalind Franklin University	rosalindfranklin.edu	North Chicago	ILSaint Anthony College of Nursing	sacn.edu	Rockford	ILSchool of the Art Institute of Chicago	saic.edu	Chicago	ILSaint Francis Medical Center College of Nursing	sfmccon.edu	Peoria	ILShawnee Community College	shawneecc.edu	Ullin	ILSoutheastern Illinois College	sic.edu	Harrisburg	ILSouthern Illinois University	siu.edu	Carbondale	ILSouthern Illinois University Edwardsville	siue.edu	Edwardsville	ILSpoon River College	src.edu	Canton	ILSouth Suburban College	ssc.edu	South Holland	ILUniversity of Saint Francis	stfrancis.edu	Joliet	ILSouthwestern Illinois College	swic.edu	(multiple locations)	ILSaint Xavier University	scu.edu	Chicago	ILTrinity Christian College	trnty.edu	Palos Heights	ILUniversity of Chicago	uchicago.edu	Chicago	ILUniversity of Illinois at Chicago	uic.edu	Chicago	ILUniversity of Illinois	uillinois.edu	(multiple locations)	ILUniversity of Illinois Springfield	uis.edu	Springfield	ILUniversity of Illinois at Urbana-Champaign	illinois.edu	Champaign	ILWaubonsee Community College	waubonsee.edu	(multiple locations)	ILWheaton College	wheaton.edu	Wheaton	ILWestern Illinois University	wiu.edu	Macomb	ILSaint John's College	stjohnscollegespringfield.edu	Springfield	IllAnabaptist Mennonite Biblical Seminary	ambs.edu	Elkhart	INAnderson University	anderson.edu	Anderson	INBethel College Indiana	bethelcollege.edu	Mishawaka	INBrown Mackie College	brownmackie.edu	(multiple locations)	INBall State University	bsu.edu	Muncie	INButler University	butler.edu	Indianapolis	INDePauw University	depauw.edu	Greencastle	INEarlham College	earlham.edu	Richmond	INUniversity of Evansville	evansville.edu	Evansville	INGoshen College	goshen.edu	Goshen	INGrace College and Seminary	grace.edu	Winona Lake	INHanover College	hanover.edu	Hanover	INHarrison College	harrison.edu	Indianapolis	INHoly Cross College	hcc-nd.edu	Notre Dame	INIndiana University	indiana.edu	(multiple locations)	INIndiana State University	indstate.edu	Terre Haute	INIndiana Wesleyan University	indwes.edu	Marion	INIndiana University - Purdue University Fort Wayne	ipfw.edu	Fort Wayne	INIndiana University	iu.edu	(multiple locations)	INIndiana University Bloomington	iub.edu	Bloomington	INIndiana University East	iue.edu	Richmond	INIndiana University Northwest	iun.edu	Gary	INIndiana University - Purdue University Indianapolis	iupui.edu	Indianapolis	INIndiana University Southeast	ius.edu	New Albany	INIndiana University South Bend	iusb.edu	South Bend	INIvy Tech Community College	ivytech.edu	Carmel	INManchester University	manchester.edu	North Manchester	INMarian University Indianapolis	marian.edu	Indianapolis	INUniversity of Notre Dame	nd.edu	Notre Dame	INOakland City University	oak.edu	Oakland City	INPurdue University North Central	pnc.edu	Westville	INPurdue University	purdue.edu	West Lafayette	INPurdue University Calumet	purduecal.edu	Hammond	INRose-Hulman Institute of Technology	rose-hulman.edu	Terre Haute	INSaint Mary's College	saintmarys.edu	Notre Dame	INTrine University	trine.edu	Angola	INUniversity of Indianapolis	uindy.edu	Indianapolis	INUniversity of Southern Indiana	usi.edu	Evansville	INValparaiso University	valpo.edu	Valparaiso	INWabash College	wabash.edu	Crawfordsville	INBenedictine College	benedictine.edu	Atchison	KSButler Community College	butlercc.edu	El Dorado	KSEmporia State University	emporia.edu	Emporia	KSFort Hays State University	fhsu.edu	Hays	KSFlint Hills Technical College	fhtc.edu	Emporia	KSFort Scott Community College	fortscott.edu	Horton Fort Scott	KSGarden City Community College	gcccks.edu	Garden City	KSHesston College	hesston.edu	Hesston	KSHighland Community College	highlandcc.edu	Highland	KSJohnson County Community College	jccc.edu	Overland Park	KSKansas City Kansas Community College	kckcc.edu	Kansas City	KSKansas State University	k-state.edu	Manhattan	KSKansas State University	ksu.edu	Manhattan	KSThe University of Kansas	ku.edu	Lawrence	KSMcPherson College	mcpherson.edu	McPherson	KSNeosho County Community College	neosho.edu	Chanute	KSNewman University	newmanu.edu	Wichita	KSPittsburg State University	pittstate.edu	Pittsburg	KSSaint Paul School of Theology and Ministry	spst.edu	Overland Park	KSSterling College	sterling.edu	Sterling	KSUniversity of Saint Mary	stmary.edu	Leavenworth	KSWashburn University	washburn.edu	Topeka	KSWashburn University School of Law	washburnlaw.edu	Topeka	KSWichita State University	wichita.edu	Wichita	KSAsbury University	asbury.edu	Wilmore	KYBellarmine University	bellarmine.edu	Louisville	KYBerea College	berea.edu	Berea	KYCentre College	centre.edu	Danville	KYEastern Kentucky University	eku.edu	Richmond	KYFrontier Nursing University	frontier.edu	Hyden	KYGeorgetown College	georgetowncollege.edu	Georgetown	KYKentucky Community and Technical College System	kctcs.edu	Versailles	KYKentucky Christian University	kcu.edu	Grayson	KYKentucky State University	kysu.edu	Frankfort	KYLindsey Wilson College	lindsey.edu	Columbia	KYThe University of Louisville	louisville.edu	Louisville	KYMidway College	midway.edu	Midwar	KYMorehead State University	moreheadstate.edu	Morehead	KYMurray State University	murraystate.edu	Murray	KYNorthern Kentucky University	nku.edu	Highland Heights	KYThe Southern Baptist Theological Seminary	sbts.edu	Louisville	KYSaint Catharine College	sccky.edu	Saint Catharine	KYSullivan University	sullivan.edu	Louisville	KYUniversity of the Cumberlands	ucumberlands.edu	Williamsburg	KYWestern Kentucky University	wku.edu	Bowling Green	KYBossier Parish Community College	bpcc.edu	Bossier City	LACentenary College of Louisiana	centenary.edu	Shreveport	LALouisiana Tech University	latech.edu	Ruston	LALouisiana Culinary Institute	lci.edu	Baton Rouge	LAUniversity of Louisiana Lafayette	louisiana.edu	Lafayette	LALoyola University New Orleans	loyno.edu	New Orleans	LALouisiana State University	lsu.edu	Baton Rouge	LALouisiana State University - Eunice	lsue.edu	Eunice	LALSU Health Sciences Center - New Orleans	lsuhsc.edu	New Orleans	LALSU Health Sciences Center - New Orleans	lsuhscshreveport.edu	Shreveport	LALouisiana State University System	lsusystem.edu	Baton Rouge	LANicholls State University	nicholls.edu	Thibodaux	LANew Orleans Baptist Theological Seminary	nobts.edu	New Orleans	LANunez Community College	nunez.edu	Chalmette	LASoutheastern Louisiana University	southeastern.edu	Hammond	LASouthern University	subr.edu	Baton Rouge	LATulane University	tulane.edu	New Orleans	LAUniversity of Louisiana at Monroe	ulm.edu	Monroe	LAUniversity of New Orleans	uno.edu	New Orleans	LAXavier University of Louisiana	xula.edu	New Orleans	LAAmherst College	amherst.edu	Amherst	MAAssumption College	assumption.edu	Worcester	MABabson College	babson.edu	Babson Park	MABoston College	bc.edu	Chestnut Hill	MABentley University	bentley.edu	Waltham	MABerklee College of Music	berklee.edu	Boston	MABerkshire Community College	berkshirecc.edu	Pittsfield	MAThe Boston Conservatory	bostonconservatory.edu	Boston	MABrandeis University	brandeis.edu	Waltham	MABridgewater State University	bridgew.edu	Bridgewater	MABoston University	bu.edu	Boston	MACambridge College	cambridgecollege.edu	Cambridge	MAClark University	clarku.edu	Worcester	MACurry College	curry.edu	Milton	MAElms College	elms.edu	Chicopee	MAEmerson College	emerson.edu	Boston	MAEmmanuel College	emmanuel.edu	Boston	MAEndicott College	endicott.edu	Beverly	MAFitchburg State University	fitchburgstate.edu	Fitchburg	MAFramingham State University	framingham.edu	Framingham	MAGordon Conwell Theological Seminary	gordonconwell.edu	South Hamilton	MAGordon College	gordon.edu	Wenham	MAHampshire College	hampshire.edu	Amherst	MAHarvard University	harvard.edu	Cambridge	MAHarvard Business School	hbs.edu	Boston	MACollege of the Holy Cross	holycross.edu	Worcester	MALesley University	lesley.edu	Cambridge	MAMassachusetts Maritime Academy	maritime.edu	Buzzards Bay	MAMassachusetts Department of Higher Education	mass.edu	Boston	MAMassachusetts College of Art and Design	massart.edu	Boston	MAMassBay Community College	massbay.edu	Wellesley	MAMarine Biological Laboratory	mbl.edu	Woods Hole	MAMerrimack Education Center	mec.edu	Chelmsford	MAMerrimack College	merrimack.edu	North Andover	MAMGH Institute of Health Professions	mghihp.edu	Boston	MAMilton Academy	milton.edu	Milton	MAMassachusetts Institute of Technology	mit.edu	Cambridge	MAMontserrat College of Art	montserrat.edu	Beverly	MAMount Ida College	mountida.edu	Newton	MAMount Holyoke College	mtholyoke.edu	South Hadley	MAMiddlesex Community College	mxcc.edu	Lowell	MAMiddlesex School	mxschool.edu	Lowell	MANorth Bennet Street School	nbss.edu	Boston	MANew England Law - Boston	nesl.edu	Boston	MANortheastern University	northeastern.edu	Boston	MANortheastern University	neu.edu	Boston	MAOlin College of Engineering	olin.edu	Needham	MASalem State University	salemstate.edu	Salem	MASimmons College	simmons.edu	Boston	MASmith College	smith.edu	Northampton	MASpa Tech Institute	spatech.edu	Ipswich	MASpringfield College	springfieldcollege.edu	Springfield	MASpringfield Technical Community College	stcc.edu	Springfield	MASuffolk University	suffolk.edu	Boston	MABoston Architectural College	the-bac.edu	Boston	MATufts University	tufts.edu	Medford	MAUniversity of Massachusetts Amherst	umass.edu	Amherst	MAUniversity of Massachusetts Dartmouth	umassd.edu	Dartmouth	MAUniversity of Massachusetts Medical School	umassmed.edu	Worcester	MAUniversity of Massachusetts	umassp.edu	Amherst	MAUniversity of Massachusetts Boston	umb.edu	Boston	MAUniversity of Massachusetts Lowell	uml.edu	Lowell	MAWellesley College	wellesley.edu	Wellesley	MA"Wheaton College, Norton"	wheatoncollege.edu	Norton	MAWheelock College	wheelock.edu	Boston	MAWilliams College	williams.edu	Williamstown	MAWestern New England University	wne.edu	Springfield	MAWorcester State University	worcester.edu	Worcester	MAWorcester Polytechnic Institute	wpi.edu	Worcester	MAAnne Arundel Community College	aacc.edu	Arnold	MDBaltimore City Community College	bccc.edu	Baltimore	MDBowie State University	bowiestate.edu	Bowie	MDCarroll Community College	carrollcc.edu	Westminster	MDThe Community College of Baltimore County	ccbcmd.edu	(multiple locations)	MDChesapeake College	chesapeake.edu	Wye Mills	MDCoppin State University	coppin.edu	Baltimore	MDCollege of Southern Maryland	csmd.edu	La Plata	MDFrederick Community College	frederick.edu	Frederick	MDFrostburg State University	frostburg.edu	Frostburg	MDGarrett College	garrettcollege.edu	McHenry	MDGoucher College	goucher.edu	Baltimore	MDHagerstown Community College	hagerstowncc.edu	Hagerstown	MDHarford Community College	harford.edu	Bel Air	MDHood College	hood.edu	Frederick	MDHoward Community College	howardcc.edu	Columbia	MDJohns Hopkins Bloomberg School of Public Health	jhsph.edu	Baltimore	MDJohns Hopkins University	jhu.edu	Baltimore	MDLoyola University Maryland	loyola.edu	Baltimore	MDMontgomery Blair High School	mbhs.edu	Silver Spring	MDMcDaniel College	mcdaniel.edu	Westminster	MDMaryland Institute College of Art	mica.edu	Baltimore	MDMontgomery College	montgomerycollege.edu	Montgomery County	MDMount Saint Mary's University	msmary.edu	Emmitsburg	MDMaryland University of Integrative Health	muih.edu	Laurel	MDPrince George's Community College	pgcc.edu	Largo	MDSalisbury University	salisbury.edu	Salisbury	MDSojourner-Douglass College	sdc.edu	Baltimore	MDSaint Mary's College of Maryland	smcm.edu	Saint Mary's City	MDSaint James School	stjames.edu	Hagerstown	MDTowson University	towson.edu	Towson	MDUniversity of Baltimore	ubalt.edu	Baltimore	MDUniversity of Maryland	umaryland.edu	Baltimore	MDUniversity of Maryland Baltimore County	umbc.edu	Baltimore	MDUniversity of Maryland	umd.edu	College Park	MDUniversity of Maryland University College	umuc.edu	Adelphi	MDUniversity System of Maryland	usmd.edu	Adelphi	MDUnited States Naval Academy	usna.edu	Annapolis	MDWashington College	washcoll.edu	Chestertown	MDWor-Wic Community College	worwic.edu	Salisbury	MDSaint John's College	sjc.edu	Annapolis	MDBates College	bates.edu	Lewiston	MEBowdoin College	bowdoin.edu	Brunswick	MECentral Maine Community College	cmcc.edu	Auburn	MECollege of the Atlantic	coa.edu	Bar Harbor	MEColby College	colby.edu	Waterville	MEHusson University	husson.edu	Bangor	MEMaine Maritime Academy	mainemaritime.edu	Castine	MENorthern Maine Community College	nmcc.edu	Presque Isle	MESaint Joseph's College	sjcme.edu	Standish	MESouthern Maine Community College	smccme.edu	South Portland	MEUniversity of Maine	umaine.edu	Orono	MEUniversity of Maine Fort Kent	umfk.edu	Fort Kent	MEUniversity of Maine at Presque Isle	umpi.edu	Presque Isle	MEUniversity of New England	une.edu	Biddeford	MEUnity College	unity.edu	Unity	MEYork County Community College	yccc.edu	Wells	MEUniversity of Main at Augusta	uma.edu	Augusta	MEAdrian College	adrian.edu	Adrian	MIAlbion College	albion.edu	Albion	MIAlma College	alma.edu	Alma	MIAlpena Community College	alpenacc.edu	Alpena	MIAndrews University	andrews.edu	Berrien Springs	MIAquinas College	aquinas.edu	Grand Rapids	MIBaker College	baker.edu	(multiple locations)	MIBay College	baycollege.edu	Escanaba	MICalvin College	calvin.edu	Grand Rapids	MICentral Michigan University	cmich.edu	Mount Pleasant	MICollege for Creative Studies	collegeforcreativestudies.edu	Detroit	MICornerstone University	cornerstone.edu	Grand Rapids	MIDavenport University	davenport.edu	Grand Rapids	MIDelta College	delta.edu	University Center	MIDouglas J. Aveda Institute	douglasj.edu	Ann Arbor	MIEastern Michigan University	emich.edu	Ypsilanti	MIFerris State University	ferris.edu	Big Rapids	MIFinlandia University	finlandia.edu	Hancock	MIGrand Rapids Community College	grcc.edu	Grand Rapids	MIGrand Valley State University	gvsu.edu	Allendale	MIHenry Ford College	hfcc.edu	Dearborn	MIHillsdale College	hillsdale.edu	Hillsdale	MIHope College	hope.edu	Holland	MIJackson College	jccmi.edu	Jackson	MIKettering University	kettering.edu	Flint	MIKalamazoo Valley Community College	kvcc.edu	Kalamazoo	MIKalamazoo College	kzoo.edu	Kalamazoo	MILake Michigan College	lakemichigancollege.edu	Benton Harbor	MILansing Community College	lcc.edu	Lansing	MILake Superior State University	lssu.edu	Marietta	MILawrence Technological University	ltu.edu	Southfield	MIMacomb Community College	macomb.edu	Warren	MIMarygrove College	marygrove.edu	Detroit	MIMonroe County Community College	monroeccc.edu	Monroe	MIMichigan State University	msu.edu	East Lansing	MIMichigan Technological University	mtu.edu	Houghton	MINorthwestern Michigan College	nmc.edu	Traverse City	MINorthern Michigan University	nmu.edu	Marquette	MIOakland Univeristy	oakland.edu	Rochester	MIOakland Community College	oaklandcc.edu	Bloomfield Hills	MISaginaw Chippewa Tribal College	sagchip.edu	Mount Pleasant	MISaginaw Valley State University	svsu.edu	University Center	MIUniversity of Detroit Mercy	udmercy.edu	Detroit	MIUniversity of Michigan-Flint	umflint.edu	Flint Township	MIUniversity of Michigan	umich.edu	Ann Arbor	MIWayne State	wayne.edu	Detroit	MIWashtenaw Community College	wccnet.edu	Ann Arbor	MIWestern Michigan University	wmich.edu	Kalamazoo	MIAlexandria Technical & Community College	alextech.edu	Alexandria	MNAnoka-Ramsey Community College	anokaramsey.edu	Cambridge	MNAugsburg College	augsburg.edu	Minneapolis	MNBemidji State University	bemidjistate.edu	Bemidji	MNBethel University	bethel.edu	Saint Paul	MNCarleton College	carleton.edu	Northfield	MNCentury College	century.edu	White Bear Lake	MNCentral Lakes College	clcmn.edu	Brainerd	MNConcordia College	cord.edu	Moorhead	MNCrown College	crown.edu	Saint Bonifacius	MN"College of Saint Benedict, Saint John's University"	csbsju.edu	Saint Joseph	MNConcordia University Saint Paul	csp.edu	Saint Paul	MNThe College of Saint Scholastica	css.edu	Duluth	MNDakota County Technical College	dctc.edu	Rosemount	MNGustavus Adolphus College	gustavus.edu	Saint Peter	MNGlobe University	globeuniversity.edu	(multiple locations)	MNHamline University	hamline.edu	Saint Paul	MNInver Hills Community College	inverhills.edu	Inver Grove Heights	MNInstitute of Production and Recording	ipr.edu	Minneapolis	MNLeech Lake Tribal College	lltc.edu	Cass Lake	MNLuther Seminary	luthersem.edu	Saint Paul	MNMacalester College	macalester.edu	Saint Paul	MNMcNally Smith College of Music	mcnallysmith.edu	Saint Paul	MNMesabi Range College	mesabirange.edu	Eveleth	MNMetropolitan State University	metrostate.edu	Saint Paul	MNMinnesota State University Moorhead	mnstate.edu	Moorhead	MNMinnesota State University Mankato	mnsu.edu	Mankato	MNNorth Hennepin Community College	nhcc.edu	North Brooklyn Park	MNNormandale Community College	normandale.edu	Bloomington	MNRasmussen College	rasmussen.edu	(multiple locations)	MNRidgewater College	ridgewater.edu	Willmar	MNSouthwest Minnesota State University	smsu.edu	Marshall	MNSaint Mary's University of Minnesota	smumn.edu	Winona	MNSouth Central College	southcentral.edu	(multiple locations)	MNSaint Cloud State University	stcloudstate.edu	Saint Cloud	MNSaint Olaf College	stolaf.edu	Northfield	MNUniversity of Saint Thomas	stthomas.edu	Saint Paul	MNUniversity of Minnesota	umn.edu	Minneapolis	MNUnited Theological Seminary of the Twin Cities	unitedseminary.edu	New Brighton	MNUniversity of Northwestern Saint Paul	unwsp.edu	Saint Paul	MNWalden University	waldenu.edu	Minneapolis	MNWinona State Unviversity	winona.edu	Winona	MNAssemblies of God Theological Seminary	agts.edu	Springfield	MOAquinas Institute of Theology	ai.edu	St. Louis	MOA.T. Still University	atsu.edu	Kirksville	MOAvila University	avila.edu	Kansas City	MOColumbia College	ccis.edu	Columbia	MOCentral Methodist University	centralmethodist.edu	Fayette	MOCrowder College	crowder.edu	Neosho	MOCulver-Stockton College	culver.edu	Canton	MODrury University	drury.edu	Springfield	MOEvangel University	evangel.edu	Springfield	MOFontbonne University	fontbonne.edu	Saint Louis	MOHannibal-LaGrange	hlg.edu	Hannibal	MOHarris-Stowe State University	hssu.edu	Saint Louis	MOJefferson College	jeffco.edu	Hillsboro	MOKansas City University of Medicine and Biosciences	kcumb.edu	Kansas City	MOLincoln University	lincolne.edu	Jefferson City	MOLindenwood University	lindenwood.edu	Saint Charles	MOLinn State Technical College	linnstate.edu	Linn	MOMaryville University	maryville.edu	Saint Louis	MOMetropolitan Community College	mcckc.edu	Kansas City	MOMineral Area College	mineralarea.edu	Park Hills	MOMizzou University of Missouri	missouri.edu	Columbia	MOMissouri State University	missouristate.edu	Springfield	MOMissouri Valley College	moval.edu	Marshall	MOMissouri Southern State University	mssu.edu	Joplin	MOMissouri University of Science and Technology	mst.edu	Rolla	MONorth Central Missouri College	ncmissouri.edu	Trenton	MONazarene Theological Seminary	nts.edu	Kansas City	MONorthwest Missouri State University	nwmissouri.edu	Maryville	MOOzarks Technical Community College	otc.edu	Springfield	MOPark University	park.edu	Parkville	MORockhurst University	rockhurst.edu	Kansas City	MOSouthwest Baptist University	sbuniv.edu	Bolivar	MOSouth Central Career Center	scccwp.edu	West Plains	MOSoutheast Missouri State University	semo.edu	Cape Girardeau	MOSaint Louis University	slu.edu	Saint Louis	MOSaint Charles Community College	stchas.edu	Cottleville	MOSaint Louis Community College	stlcc.edu	Saint Louis	MOTruman State University	truman.edu	Kirksville	MOUniversity of Central Missouri	ucmo.edu	Warrensburg	MOUniversity of Missouri Kansas City	umkc.edu	Kansas City	MOUniversity of Missouri Saint Louis	umsl.edu	Saint Louis	MOUniversity of Missouri System	umsystem.edu	Columbia	MOWebster University	webster.edu	Webster Groves	MO"Westminster College, Missouri"	westminster-mo.edu	Fulton	MOWashington University in Saint Louis	wustl.edu	Saint Louis	MOAlcorn State University	alcorn.edu	Lorman	MSBelhaven University	belhaven.edu	Jackson	MSDelta State University	deltastate.edu	Cleveland	MSEast Mississippi Community College	eastms.edu	Scooba	MSJackson State University	jsums.edu	Jackson	MSMississippi Gulf Coast Community College	mgccc.edu	Perkinston	MSMississippi State University	mssstate.edu	Mississippi State	MSNortheast Mississippi Community College	nemcc.edu	Booneville	MSThe University of Mississippi	olemiss.edu	University	MSPearl River Community College	prcc.edu	Hattiesburg	MSReformed Theological Seminary	rts.edu	Jackson	MSUniversity of Mississippi Medical Center	umc.edu	Jackson	MSUniversity of Southern Mississippi	usm.edu	Hattiesburg	MSWilliam Carey University	wmcarey.edu	Hattiesburg	MSItawamba Community College	iccms.edu	Fulton	MSBlackfeet Community College	bfcc.edu	Browning	MTCarroll College	carroll.edu	Helena	MTFort Peck Community College	fpcc.edu	Poplar	MTFlathead Valley Community College	fvcc.edu	Kalispell	MTMiles Community College	milescc.edu	Miles City	MTMontana State University	montana.edu	Bozeman	MTMontana State University Billings	msubillings.edu	Billings	MTMontana State University - Northern	msun.edu	Havre	MTMontana Tech of the University of Montana	mtech.edu	Butte	MTMontana University System	mus.edu	Helena	MTRocky Mountain College	rocky.edu	Billings	MTUniversity of Montana Helena College	umhelena.edu	Helena	MTUniversity of Montana	umt.edu	Missoula	MTUniversity of Montana Western	umwestern.edu	Dillon	MTAsheville-Buncombe Technical Community College	abtech.edu	Asheville	NCAlamance Community College	alamancecc.edu	Burlington	NCAppalachian State University	appstate.edu	Boone	NCBladen Community College	bladencc.edu	Dublin	NCBody Therapy Institute	bti.edu	Siler City	NCCampbell University	campbell.edu	Buies Creek	NCCape Fear Community College	cfcc.edu	Wilmington	NCCharlotte School of Law	charlottelaw.edu	Charlotte	NCChowan University	chowan.edu	Murfreesboro	NCCentral Piedmont Community College	cpcc.edu	Charlotte	NCCraven Community College	cravencc.edu	New Bern	NCDavidson College	davidson.edu	Davidson	NCDuke University	duke.edu	Durham	NCDurham Technical Community College	durhamtech.edu	Durham	NCElizabeth City State University	ecsu.edu	Elizabeth City	NCEast Carolina University	ecu.edu	Greenville	NCElon University	elon.edu	Elon	NCFayetteville Technical Community College	faytechcc.edu	Fayetteville	NCForsyth Technical Community College	forsythtech.edu	Winston-Salem	NCGardner-Webb University	gardner-webb.edu	Boiling Springs	NCGaston College	gaston.edu	Dallas	NCGuilford Technical Community College	gtcc.edu	Jamestown	NCHeritage Bible College	heritagebiblecollege.edu	Dunn	NCHigh Point University	highpoint.edu	High Point	NCIsothermal Community College	isothermal.edu	Spindale	NCLenoir Community College	lenoircc.edu	Kinston	NCLees McRae College	lmc.edu	Banner Elk	NCMethodist University	methodist.edu	Fayetteville	NCThe University of Mount Olive	umo.edu	Mount Olive	NCMontgomery Community College	montgomery.edu	Troy	NCNorth Carolina Central University	nccu.edu	Durham	NCNorth Carolina School of Science and Mathematics	ncssm.edu	Durham	NCNorth Carolina State University	ncsu.edu	Raleigh	NCNorth Carolina Wesleyan College	ncwc.edu	Rocky Mount	NCNew Life Theological Seminary	nlts.edu	Charlotte	NCUniversity of North Carolina	northcarolina.edu	Wilmington	NCPiedmont Community College	piedmontcc.edu	Roxboro	NCPitt Community College	pittcc.edu	Greenville	NCQueens University of Charlotte	queens.edu	Charlotte	NCRandolph Community College	randolph.edu	Asheboro	NCRoanoke-Chowan Community College	roanokechowan.edu	Ahoskie	NCSalem College	salem.edu	Winston-Salem	NCSampson Community College	sampsoncc.edu	Clinton	NCSandhills Community College	sandhills.edu	Pinehurst	NCSaint Andrews University	sapc.edu	Laurinburg	NCSoutheastern Community College	sccnc.edu	Whiteville	NCSoutheastern Baptist Theological Seminary	sebts.edu	Wake Forest	NCShaw University	shawu.edu	Raleigh	NCSouthwestern Community College	southwesterncc.edu	Sylva	NCSouth Piedmont Community College	spcc.edu	(multiple locations)	NCStanly Community College	stanly.edu	(multiple locations)	NCSaint Augustine's University	st-aug.edu	Raleigh	NCUniversity of North Carolina at Chapel Hill	unc.edu	Chapel Hill	NCUniversity of North Carolina Asheville	unca.edu	Asheville	NCUniversity of North Carolina Charlotte	uncc.edu	Charlotte	NCUniversity of North Carolina Greensboro	uncg.edu	Greensboro	NCUniversity of North Carolina Pembroke	uncp.edu	Pembroke	NCUniversity of North Carolina School of the Arts	uncsa.edu	Winston-Salem	NCUniversity of North Carolina Wilmington	uncw.edu	Wilmington	NCVance-Granville Community College	vgcc.edu	Henderson	NCWake Technical Community College	waketech.edu	Raleigh	NCWarren Wilson College	warren-wilson.edu	Asheville	NCWestern Carolina University	wcu.edu	Cullowhee	NCWake Forest University	wfu.edu	Winston-Salem	NCWestern Piedmont Community College	wpcc.edu	Morganton	NCWinston-Salem State University	wssu.edu	Winston-Salem	NCDakota College at Bottineau	dakotacollege.edu	Bottineau	NDMayville State University	mayvillestate.edu	Mayville	NDMinot State University	minotstateu.edu	Minot	NDNorth Dakota State University	ndsu.edu	Fargo	NDNorth Dakota University System	ndus.edu	Bismarck	NDTurtle Mountain Community College	tm.edu	Belcourt	NDUniversity of North Dakota	und.edu	Grand Forks	NDUnited Tribes Technical College	utcc.edu	Bismarck	NDValley City State University	vcsu.edu	Valley City	NDWilliston State College	willistonstate.edu	Williston	NDBellevue University	bellevue.edu	Bellevue	NEBryan College of Health Sciences	bryanhealth.com	(multiple locations)	NECreighton University	creighton.edu	Omaha	NEChadron State College	csc.edu	Chadron	NEConcordia University Nebraska	cune.edu	Seward	NEJoseph's College	josephscollege.edu	(multiple locations)	NELittle Priest Tribal College	littlepriest.edu	Winnebago	NEMid-Plains Community College	mpcc.edu	North Platte	NEUniversity of Nebraska	nebraska.edu	Lincoln	NENortheast Community College	northeast.edu	Norfolk	NEUnion College	ucollege.edu	Lincoln	NEUniversity of Nebraska at Kearney	unk.edu	Kearney	NEUniversity of Nebraska at Lincoln	unl.edu	Lincoln	NEUniversity of Nebraska Medical Center	unmc.edu	Omaha	NEUniversity of Nebraska Omaha	unomaha.edu	Omaha	NEWayne State College	wsc.edu	Wayne	NESaint Anselm College	anselm.edu	Manchester	NHAntioch University New England	antiochne.edu	Keene	NHCommunity College System of New Hampshire	ccsnh.edu	(multiple locations)	NHColby Sawyer College	colby-sawyer.edu	New London	NHDartmouth College	dartmouth.edu	Hanover	NHPhillips Exeter Academy	exeter.edu	Exeter	NHGranite State College	granite.edu	Concord	NHKeene State College	keene.edu	Keene	NHManchester Community College	mccnh.edu	Manchester	NHMount Washington College	mountwashington.edu	(multiple locations)	NHNashua Community College	nashuacc.edu	Nashua	NHNew England College	nec.edu	Henniker	NHNHTI Concord's Community College	nhti.edu	Concord	NHPlymouth State University	plymouth.edu	Plymouth	NHRivier University	rivier.edu	Nashua	NHSouthern New Hampshire University	snhu.edu	Manchester	NHUniversity of New Hampshire	unh.edu	Durham	NHWhite Mountains Community College	wmcc.edu	Berlin	NHAtlantic Cape Community College	atlantic.edu	(multiple locations)	NJBurlington County College	bcc.edu	Pemberton	NJBergen Community College	bergen.edu	Paramus	NJBrookdale Community College	brookdalecc.edu	Lincroft	NJCentenary College of New Jersey	centenarycollege.edu	Hackettstown	NJDrew University	drew.edu	Madison	NJEastwick College	eastwickcollege.edu	Ramsey	NJFairleigh Dickinson University	fdu.edu	Hackensack	NJFelician College	felician.edu	Lodi	NJFortis Institute	fortis.edu	Lawrence Township	NJGeorgian Court University	georgian.edu	Lakewood	NJKean University	kean.edu	Union	NJMercer County Community College	mccc.edu	West Windsor	NJMiddlesex County College	middlesexcc.edu	Edison	NJMonmouth University	monmouth.edu	West Long Branch	NJMontclair State University	montclair.edu	Montclair	NJNew Jersey City University	njcu.edu	Jersey City	NJNew Jersey Institute of Technology	njit.edu	Newark	NJOcean County College	ocean.edu	Toms River	NJPrinceton University	princeton.edu	Princeton	NJPrinceton Theological Seminary	ptsem.edu	Princeton	NJRamapo College of New Jersey	ramapo.edu	Mahwah	NJRaritan Valley Community College	raritanval.edu	Branchburg	NJRider University	rider.edu	Lawrenceville	NJRowan University	rowan.edu	Glassboro	NJRutgers University	rutgers.edu	Piscataway Township	NJSeton Hall University	shu.edu	South Orange	NJStenotech Career Institute	stenotech.edu	Piscataway Township	NJStevens Institute of Technology	stevens.edu	Hoboken	NJStockton College	stockton.edu	Galloway	NJSussex County Community College	sussex.edu	Newton	NJThe College of New Jersey	tcnj.edu	Ewing	NJThomas Edison State College	tesc.edu	Trenton	NJWilliam Paterson University	wpunj.edu	Wayne	NJCounty College of Morris	ccm.edu	Randolph	NJCamden County College	camdencc.edu	(multiple locations)	NJPassaic County Community College	pccc.edu	Paterson	NJRoss University	rossu.edu	North Brunswick	NJCentral New Mexico	cnm.edu	Albuquerque	NMEastern New Mexico University	enmu.edu	Portales	NMNew Mexico Highlands University	nmhu.edu	Las Vegas	NMNew Mexico State University	nmsu.edu	Las Cruces	NMNew Mexico State University Alamogordo	nmsua.edu	Alamogordo	NMNew Mexico Institute of Mining and Technology	nmt.edu	Socorro	NMNorthern New Mexico College	nnmc.edu	(multiple locations)	NMSan Juan College	sanjuancollege.edu	Farmington	NMSouthwestern College	swc.edu	Santa Fe	NMUniveristy of New Mexico	unm.edu	Albuquerque	NMUniversity of the Southwest	usw.edu	Hobbs	NMCollege of Southern Nevada	csn.edu	Henderson	NVGreat Basin College	gbcnv.edu	Elko	NVPima Medical Institute	pmi.edu	Las Vegas	NVSierra Nevada College	sierranevada.edu	Incline Village	NVTruckee Meadows Community College	tmcc.edu	Reno	NVUniversity of Nevada Las Vegas	unlv.edu	Las Vegas	NVUniversity of Nevada Reno	unr.edu	Reno	NVWestern Nevada College	wnc.edu	Carson City	NVAdelphi University	adelphi.edu	Garden City	NYUniversity at Albany	albany.edu	Albany	NYAlfred University	alfred.edu	Alfred	NYThe American Musical and Dramatic Academy	amda.edu	New York	NYASA College	asa.edu	New York	NYBard College	bard.edu	Annandale-on-Hudson	NYBarnard College	barnard.edu	New York	NYBinghamton University	binghamton.edu	Binghamton	NYThe College at Brockport	brockport.edu	Brockport	NYUniversity at Buffalo	buffalo.edu	Buffalo	NYBuffalo State University	buffalostate.edu	Buffalo	NYCazenovia College	cazenovia.edu	Cazenovia	NYClarkson University	clarkson.edu	Potsdam	NYClinton Community College	clinton.edu	Plattsburgh	NYThe College of New Rochelle	cnr.edu	New Rochelle	NYCobleskill University	cobleskill.edu	Cobleskill	NYColgate University	colgate.edu	Hamilton	NYColumbia University in the City of New York	columbia.edu	New York	NYConcordia College New York	concordia-ny.edu	Bronxville	NYThe Cooper Union	cooper.edu	New York	NYCornell University	cornell.edu	Ithaca	NYCortland College	cortland.edu	Cortland	NYThe City University of New York	cuny.edu	New York	NYThe College of Westchester	cw.edu	White Plains	NYDaemen College	daemen.edu	Amherst	NYDominican College	dc.edu	Orangeburg	NYDelhi State University of New York	delhi.edu	Delhi	NYDowling College	dowling.edu	Long Island	NYD'Youville College	dyc.edu	Buffalo	NYErie Community College State University of New York	ecc.edu	Orchard Park	NYElim Bible Institute	elim.edu	Lima	NYElmira College	elmira.edu	Elmira	NYEmpire State College	esc.edu	Saratoga Springs	NYCollege of Environmental Science and Forestry	esf.edu	Syracuse	NYFarmingdale State College	farmingdale.edu	Farmingdale	NYFashion Institute of Technology	fitnyc.edu	New York	NYFinger Lakes Community College	flcc.edu	Canandaigua	NYFordham University	fordham.edu	Bronx	NYFredonia University	fredonia.edu	Fredonia	NYFive Towns College	ftc.edu	Long Island	NYGeneseo University	geneseo.edu	Geneseo	NYGlobe Institute of Technology	globe.edu	New York	NYThe General Theological Seminary	gts.edu	New York	NYHamilton College	hamilton.edu	Clinton	NYHartwick College	hartwick.edu	Oneonta	NYHerkimer College	herkimer.edu	Herkimer	NYHofstra University	hofstra.edu	Hempstead	NYHudson Valley Community College	hvcc.edu	Troy	NYHobart and William Smith Colleges	hws.edu	Geneva	NYInstitute of Design and Construction	idc.edu	Brooklyn	NYIona College	iona.edu	New Rochelle	NYIthaca College	ithaca.edu	Ithaca	NYThe Jewish Theological Seminary	jtsa.edu	New York	NYThe Juilliard School	juilliard.edu	New York	NYKeuka College	keuka.edu	Keuka Park	NYLehman College	lehman.edu	Bronx	NYLe Moyne	lemoyne.edu	Syracuse	NYLim College	limcollege.edu	New York	NYLong Island University	liu.edu	Brookville	NYManhattan College	manhattan.edu	Riverdale	NYMarist College	marist.edu	Poughkeepsie	NYMetropolitan College of New York	mcny.edu	New York	NYMercy College	mercy.edu	Dobbs Ferry	NYMarymount Manhattan College	mmm.edu	New York	NYMonroe Community College	monroecc.edu	Rochester	NYMorrisville State College	morrisville.edu	Morrisville	NYMount Saint Marry College	msmc.edu	Newburgh	NYIcahn School of Medicine at Mount Sinai	mssm.edu	New York	NYManhattanville College	mville.edu	Purchase	NYNazareth College	naz.edu	Rochester	NYNassau Community College	ncc.edu	Garden City	NYNew Paltz	newpaltz.edu	New Paltz	NYThe New School	newschool.edu	New York	NYNiagara University	niagara.edu	Niagara University	NYNyack College	nyack.edu	Nyack	NYNew York College of Health Professions	nycollege.edu	Long Island	NYNew York Film Academy	nyfa.edu	New York	NYNew York Institute of Technology	nyit.edu	Old Westbury	NYNew York University	nyu.edu	New York	NYState University of New York at Oneonta	oneonta.edu	Oneonta	NYState University of New York at Oswego	oswego.edu	Oswego	NYPace University	pace.edu	New York	NYPaul Smith's College	paulsmiths.edu	Paul Smiths	NYState University of New York at Plattsburgh	plattsburgh.edu	Plattsburgh	NYState University of New York at Potsdam	potsdam.edu	Potsdam	NYPratt Institute	pratt.edu	Brooklyn	NYPurchase College	purchase.edu	Purchase	NYRochester Institute of Technology	rit.edu	Rochester	NYRoberts Wesleyan College	roberts.edu	Rochester	NYUniversity of Rochester	rochester.edu	Rochester	NYRensselaer Polytechnic Institute	rpi.edu	Troy	NYThe Sages Colleges	sage.edu	Troy	NYSaint Bonaventure University	sbu.edu	Saint Bonaventure	NYThe New York Conservatory for Dramatic Arts	sft.edu	New York	NYSiena College	siena.edu	Loudonville	NYSaint John Fisher College	sjfc.edu	Rochester	NYSkidmore College	skidmore.edu	Saratoga Springs	NYSarah Lawrence College	slc.edu	Yonkers	NYSaint Bernard's School of Theology and Ministry	stbernards.edu	Rochester	NYSaint John's University	stjohns.edu	Queens	NYSaint Lawrence University	stlawu.edu	Canton	NYStony Brook University	stonybrook.edu	Stony Brook	NYStony Brook Medicine	stonybrookmedicine.edu	Stony Brook	NYThe College of Saint Rose	strose.edu	Albany	NYState University of New York	suny.edu	(multiple locations)	NYState University of New York at Adirondack	sunyacc.edu	Queensbury	NYState University of New Institute of Technology	sunyit.edu	Utica	NYJamestown Community College	sunyjcc.edu	Jamestown	NYOrange County Community College	sunyorange.edu	Middletown	NYRockland Community College	sunyrockland.edu	Suffern	NYSuffolk County Community College	sunysuffolk.edu	(multiple locations)	NYWestchester Community College	sunywcc.edu	Valhalla	NYSyracuse University	syr.edu	Syracuse	NYTompkins Cortland Community College	tc3.edu	Dryden	NYThe Touro College and University System	touro.edu	New York	NYTouro College Jacob D. Fuchsberg Law Center	tourolaw.edu	Central Islip	NYUnion College	union.edu	Schenectady	NYUpstate Medical University	upstate.edu	Syracuse	NYUnited States Military Academy West Point	usma.edu	West Point	NYUtica College	utica.edu	Utica	NYVassar College	vassar.edu	Poughkeepsie	NYWagner College	wagner.edu	Staten Island	NYWells College	wells.edu	Aurora	NYYeshiva University	yu.edu	New York	NYCanton State University of New York	canton.edu	Canton	NYExcelsior College	excelsior.edu	Albany	NYCulinary Institute of America	ciachef.edu	Hyde Park	NYAshland University	ashland.edu	Ashland	OHAultman College of Nursing and Health Sciences	aultmancollege.edu	Canton	OHBelmont College	belmontcollege.edu	Saint Clairsville	OHBowling Green State University	bgsu.edu	Bowling Green	OHBaldwin Wallace University	bw.edu	Berea	OHCapital University	capital.edu	Columbus	OHCase Western Reserve University	case.edu	Cleveland	OHCincinnati College of Mortuary Science	ccms.edu	Cincinnati	OHCedarville University	cedarville.edu	Cedarville	OHCentral State University	centralstate.edu	Wilberforce	OHCincinnati State Technical and Community College	cincinnatistate.edu	Cincinnati	OHCentral Ohio Technical College	cotc.edu	Newark	OHColumbus State Community College	cscc.edu	Columbus	OHCleveland State University	csuohio.edu	Cleveland	OHWestern Reserve University	cwru.edu	Cleveland	OHDefiance College	defiance.edu	Defiance	OHDenison University	denison.edu	Granville	OHThe University of Findlay	findlay.edu	Findlay	OHFranklin University	franklin.edu	Columbus	OHHeidelberg University	heidelberg.edu	Tiffin	OHHiram College	hiram.edu	Hiram	OHHocking College	hocking.edu	Nelsonville	OHJohn Carroll University	jcu.edu	University Heights	OHKettering College	kc.edu	Kettering	OHKent State University	kent.edu	Kent	OHKenyon College	kenyon.edu	Gambier	OHLakeland Community College	lakelandcc.edu	Kirtland	OHLima Central Catholic High School	lcchs.edu	Lima	OHLorain County Community College	lorainccc.edu	Elyria	OHMalone University	malone.edu	Canton	OHMarietta College	marietta.edu	Marietta	OHMiami University	miamioh.edu	Oxford	OHUniversity of Mount Union	mountunion.edu	Alliance	OHMount Saint Joseph University	msj.edu	Cincinnati	OHMuskingum University	muskingum.edu	New Concord	OHMount Vernon Nazarene University	mvnu.edu	Mount Vernon	OHNorth Central State College	ncstatecollege.edu	Mansfield	OHOberlin College and Conservatory	oberlin.edu	Oberlin	OHOhio University	ohio.edu	Athens	OHOhio Dominican University	ohiodominican.edu	Columbus	OHOhio State University	osu.edu	Columbus	OHOhio State University	ohio-state.edu	Columbus	OHOhio Northern University	onu.edu	Ada	OHOtterbein University	otterbein.edu	Westerville	OHOwens Community College	owens.edu	Perrysburg	OHOhio Wesleyan University	owu.edu	Delaware	OHUniversity of Rio Grande	rio.edu	Rio Grande	OHShawnee State University	shawnee.edu	Portsmouth	OHSinclair Community College	sinclair.edu	Dayton	OHTiffin University	tiffin.edu	Tiffin	OHCuyahoga Community College	tri-c.edu	Cleveland	OHThe University of Akron	uakron.edu	Akron	OHUniversity of Cincinnati	uc.edu	Cincinnati	OHUniversity of Cincinnati Blue Ash	ucblueash.edu	Blue Ash	OHUniversity of Cincinnati Clermont	ucclermont.edu	Batavia	OHUniversity of Dayton	udayton.edu	Dayton	OHUrbana University	urbana.edu	Urbana	OHUrsuline College	ursuline.edu	Pepper Pike	OHUniversity of Toledo	utoledo.edu	Toledo	OHWalsh University	walsh.edu	North Canton	OHWilmington College	wilmington.edu	Wilmington	OHWittenberg University	wittenberg.edu	Springfield	OHThe College of Wooster	wooster.edu	Wooster	OHWright State University	wright.edu	Dayton	OHXavier University	xavier.edu	Cincinnati	OHYoungstown State University	ysu.edu	Youngstown	OHOhio State University	osu.edu	Columbia	OHCameron University	cameron.edu	Lawton	OKConnors State College	connorsstate.edu	(multiple locations)	OKEast Central University	ecok.edu	Ada	OKLangston University	langston.edu	Langston	OKMid-America Christian University	macu.edu	Oklahoma City	OKMeridian Technology Center	meridiantech.edu	Stillwater	OKNortheastern State University	nsuok.edu	Tahlequah	OKNorthwestern Oklahoma State University	nwosu.edu	Alva	OKOklahoma Christian University	oc.edu	Edmond	OKOklahoma City Community College	occc.edu	Oklahoma City	OKOklahoma City University	okcu.edu	Oklahoma City	OKOklahoma State University	okstate.edu	Stillwater	OKOral Roberts University	oru.edu	Tulsa	OKOklahoma State University Institue of Technology	osuit.edu	Okmulgee	OKOklahoma State University	osuokc.edu	Oklahoma City	OKThe University of Oklahoma	ou.edu	Norman	OKThe University of Oklahoma Health Sciences Center	ouhsc.edu	Oklahoma City	OKRose State College	rose.edu	Oklahoma City	OKRogers State University	rsu.edu	Claremore	OKSoutheastern Oklahoma State University	se.edu	Durant	OKSouthwestern Christian University	swcu.edu	Bethany	OKSouthwestern Oklahoma State Univeristy	swosu.edu	Weatherford	OKTulsa Community College	tulsacc.edu	Tulsa	OKUniversity of Central Oklahoma	uco.edu	Edmond	OKUniversity of Science and Arts of Oklahoma	usao.edu	Chickasha	OKUniversity of Tulsa	utulsa.edu	Tulsa	OKWestern Oklahoma State College	wosc.edu	Altus	OKBlue Mountain Community College	bluecc.edu	Pendleton	ORClatsop Community College	clatsopcc.edu	Astoria	ORCentral Oregon Community College	cocc.edu	Bend	ORColumbia School of English	cs.edu	Portland	ORConcordia University Portland Oregon	cu-portland.edu	Portland	OREastern Oregon University	eou.edu	La Grande	ORGeorge Fox University	georgefox.edu	Newberg	ORLane Community College	lanecc.edu	Eugene	ORLewis and Clark	lclark.edu	Portland	ORLinfield College	linfield.edu	McMinnville	ORLinn-Benton Community College	linnbenton.edu	Albany	ORMarylhurst University	marylhurst.edu	Marylhurst	ORNational College of Natural Medicine	ncnm.edu	Portland	OROregon Health and Science University	ohsu.edu	Portland	OROregon Health and Science University	ogi.edu	Portland	OROregon State University	oregonstate.edu	Corvallis	OROregon State University	orst.edu	Corvallis	ORPacific University Oregon	pacificu.edu	Forest Grove	ORPortland Community College	pcc.edu	Portland	ORPortland State University	pdx.edu	Portland	ORReed College	reed.edu	Portland	ORRogue Community College	roguecc.edu	Grants Pass	ORSouthwestern Oregon Community College	socc.edu	Coos Bay	ORSouthern Oregon University	sou.edu	Ashland	ORUniversity of Oregon	uoregon.edu	Eugene	ORUniversity of Portland	up.edu	Portland	ORWarner Pacific College	warnerpacific.edu	Portland	ORWillamette University	willamette.edu	Salem	ORWestern Oregon University	wou.edu	Monmouth	ORAllegheny College	allegheny.edu	Meadville	PAAlvernia University	alvernia.edu	Reading	PAArcadia University	arcadia.edu	Glenside	PABaptist Bible College & Seminary	bbc.edu	Clarks Summit	PAButler County Community College	bc3.edu	Butler	PABloomsburg University	bloomu.edu	Bloomsburg	PABryn Mawr College	brynmawr.edu	Bryn Mawr	PABucknell University	bucknell.edu	Lewisburg	PABucks County Community College	bucks.edu	Newtown	PACalifornia University of Pennsylvania	calu.edu	California	PACarlow University	carlow.edu	Pittsburgh	PACommunity College of Allegheny County	ccac.edu	(multiple locations)	PACommunity College of Philadelphia	ccp.edu	Philadelphia	PACedar Crest College	cedarcrest.edu	Allentown	PAChatham University	chatham.edu	Pittsburgh	PAChestnut Hill College	chc.edu	Philadelphia	PAClarion University	clarion.edu	Clarion	PACarnegie Mellon University	cmu.edu	Pittsburgh	PADelaware County Community College	dccc.edu	Media	PADelaware Valley College	delval.edu	Doylestown	PADickinson College	dickinson.edu	Carlisle	PADrexel University	drexel.edu	Philadelphia	PADrexel University College of Medicine	drexelmed.edu	Philadelphia	PADuquesne University	duq.edu	Pittsburgh	PAEastern University	eastern.edu	Saint Davids	PAEdinboro University	edinboro.edu	Edinboro	PAElizabethtown College	etown.edu	Elizabethtown	PAEvangelical Seminary	evangelical.edu	Myerstown	PAFranklin & Marshall College	fandm.edu	Lancaster	PASaint Francis University	francis.edu	Loretto	PAGrove City College	gcc.edu	Grove City	PAGeneva College	geneva.edu	Beaver Falls	PAGettysburg College	gettysburg.edu	Gettysburg	PAHarrisburg Area Community College	hacc.edu	Harrisburg	PAHaverford College	haverford.edu	Haverford	PAHoly Family University	holyfamily.edu	Philadelphia	PAIndiana University of Pennsylvania	iup.edu	Indiana	PAThomas Jefferson University	jefferson.edu	Philadelphia	PAJuniata College	juniata.edu	Huntingdon	PAKeystone College	keystone.edu	La Plume	PAKing's College	kings.edu	Wilkes-Barre	PAKutztown University	kutztown.edu	Kutztown	PALackawanna College	lackawanna.edu	Scranton	PALafayette College	lafayette.edu	Easton	PALancaster County Career and Technology Center	lancasterctc.edu	Willow Street	PALancaster Theological Seminary	lancasterseminary.edu	Lancaster	PALa Roche College	laroche.edu	Pittsburgh	PALa Salle University	lasalle.edu	Philadelphia	PALehigh Carbon Community College	lccc.edu	Schnecksville	PALake Erie College of Osteopathic Medicine	lecom.edu	Erie	PALehigh University	lehigh.edu	Bethlehem	PALock Haven University	lhup.edu	Lock Haven	PAThe Lincoln University	lincoln.edu	Lincoln University	PALansdale School of Business	lsb.edu	North Wales	PALebanon Valley College	lvc.edu	Annville	PALycoming College	lycoming.edu	Williamsport	PAManor College	manor.edu	Jenkintown	PAMansfield University	mansfield.edu	Mansfield	PAMarywood University	marywood.edu	Scranton	PAMontgomery County Community College	mc3.edu	Blue Bell	PAMercyhurst University	mercyhurst.edu	Erie	PAMessiah College	messiah.edu	Mechanicsburg	PAMillersville University	millersville.edu	Millersville	PAMisericordia University	misericordia.edu	Dallas	PAMoravian College	moravian.edu	Bethlehem	PAMount Aloysius College	mtaloy.edu	Cresson	PAMuhlenberg College	muhlenberg.edu	Allentown	PANeumann University	neumann.edu	Aston	PANorthampton Community College	northampton.edu	Bethlehem	PAPennsylvania Gunsmith School	pagunsmith.edu	Pittsburgh	PAPhiladelphia College of Osteopathic Medicine	pcom.edu	Philadelphia	PAPennsylvania College of Technology	pct.edu	Williamsport	PAPhiladelphia University	philau.edu	Philadelphia	PAUniversity of Pittsburgh	pitt.edu	Pittsburgh	PAPenn State University	psu.edu	University Park	PAReading Area Community College	racc.edu	Reading	PARobert Morris University	rmu.edu	Moon Township	PASaint Vincent Seminary	saintvincentseminary.edu	Latrobe	PASalus University	salus.edu	Elkins Park	PAThe University of Scranton	scranton.edu	Scranton	PAShippensburg University	ship.edu	Shippensburg	PASaint Joseph's University	sju.edu	Philadelphia	PASlippery Rock University	sru.edu	Slippery Rock	PASaint Vincent College	stvincent.edu	Latrobe	PASusquehanna University	susqu.edu	Selinsgrove	PASwarthmore College	swarthmore.edu	Swarthmore	PATemple University	temple.edu	Philadelphia	PAThe American College of Financial Services	theamericancollege.edu	Bryn Mawr	PAThiel College	thiel.edu	Greenville	PAUniversity of the Arts	uarts.edu	Philadelphia	PAUniversity of Pennsylvania	upenn.edu	Philadelphia	PAUniversity of the Sciences in Philadelphia	usciences.edu	Philadelphia	PAValley Forge Christian College	vfcc.edu	Phoenixville	PAVillanova University	villanova.edu	Villanova	PAWashington and Jefferson College	washjeff.edu	Washington	PAWestmoreland County Community College	wccc.edu	Youngwood	PAWest Chester University	wcupa.edu	West Chester	PAWestminster College	westminster.edu	New Wilmington	PAWidener University	widener.edu	Chester	PAWilkes University	wilkes.edu	Wilkes-Barre	PAWilson College	wilson.edu	Chambersburg	PAYork College of Pennsylvania	ycp.edu	York	PAPennsylvania Academy of the Fine Arts	pafa.edu	Philadelphia	PAEast Stroudsburg University	esu.edu	East Stroudsburg	PAUrsinus College	ursinus.edu	Collegeville	PADeSales University	desales.edu	Center Valley	PALancaster Bible College	lbc.edu	Lancaster	PACheyney University of Pennsylvania	cheyney.edu	Cheyney	PABrown University	brown.edu	Providence	RIBryant University	bryant.edu	Smithfield	RICommunity College of Rhode Island	ccri.edu	Warwick	RIJohnson and Wales University	jwu.edu	Providence	RINew England Institute of Technology	neit.edu	East Greenwich	RIProvidence College	providence.edu	Providence	RIThe University of Rhode Island	uri.edu	Kingston	RIRhode Island College	ric.edu	Providence	RIRhose Island School of Design	risd.edu	Providence	RIRoger Williams University	rwu.edu	Bristol	RIUniversity of Rhode Island	uri.edu	Kingston	RICentura College	centura.edu	Columbia	SCThe Citadel Military College of South Carolina	citadel.edu	Charleston	SCColumbia International University	ciu.edu	Columbia	SCClemson University	clemson.edu	Clemson	SCCoastal Carolina University	coastal.edu	Conway	SCCollege of Charleston	cofc.edu	Charleston	SCCoker College	coker.edu	Hartsville	SCColumbia College South Carolina	columbiasc.edu	Columbia	SCFlorence-Darlington Technical College	fdtc.edu	Florence	SCFrancis Marion University	fmarion.edu	Florence	SCForrest College	forrestcollege.edu	Anderson	SCFurman University	furman.edu	Greenville	SCLander University	lander.edu	Greenwood	SCLimestone College	limestone.edu	Gaffney	SCMidlands Technical College	midlandstech.edu	Columbia	SCMedical University of South Carolina	musc.edu	Charleston	SCNewberry College	newberry.edu	Newberry	SCNorth Greenville University	ngu.edu	Tigerville	SCOrangeburg-Calhoun Technical College	octech.edu	Orangeburg	SCPresbyterian College	presby.edu	Clinton	SCUniversity of South Carolina	sc.edu	Columbia	SCSouth Carolina State University	scsu.edu	Oorangeburg	SCSinte Gleska University	sintegleska.edu	Mission	SCSpartanburg Methodist College	smcsc.edu	Spartanburg	SCTriCounty Technical College	tctc.edu	Pendleton	SCUniversity of South Carolina Aiken	usca.edu	Aiken	SCUniversity of South Carolina Beaufort	uscb.edu	Beaufort	SCUniversity of South Carolina Upstate	uscupstate.edu	Spartanburg	SCWinthrop University	winthrop.edu	Rock Hill	SCWofford College	wofford.edu	Spartanburg	SCYork Technical College	yorktech.edu	Rock Hill	SCBob Jones University	bju.edu	Greenville	SCAnderson University	andersonuniversity.edu	Anderson	SCBlack Hills State University	bhsu.edu	Spearfish	SDDakota State University	dsu.edu	Madison	SDDakota Wesleyan University	dwu.edu	Mitchell	SDMount Marty College	mtmc.edu	Yankton	SDNorthern State University	northern.edu	Aberdeen	SDSouth Dakota School of Mines and Technology	sdsmt.edu	Rapid City	SDSouth Dakota State University	sdstate.edu	Brookings	SDUniversity of South Dakota	usd.edu	Vermillion	SDUniversity of Sioux Falls	usioxfalls.edu	Sioux Falls	SDWestern Dakota Technical Institute	wdt.edu	Rapid City	SDAustin Peay State University	apsu.edu	Clarksville	TNBelmont University	belmont.edu	Nashville	TNBryan College	bryan.edu	Dayton	TNChristian Brothers University	cbu.edu	Memphis	TNCarson-Newman University	cn.edu	Jefferson City	TNColumbia State Community College	columbiastate.edu	Columbia	TNCumberland University	cumberland.edu	Lebanon	TNDeVry University	devry.edu	Nashville	TNEast Tennessee State University	etsu.edu	Johnson City	TNFreed-Hardeman University	fhu.edu	Henderson	TNFisk University	fisk.edu	Nashville	TNHuntington College of Health Sciences	hchs.edu	Knoxville	TNHiwassee College	hiwassee.edu	Madisonville	TNJohnson University	johnsonu.edu	(multiple locations)	TNJackson State Community College	jscc.edu	Jackson	TNLee University	leeuniversity.edu	Cleveland	TNLincoln Memorial University	lmunet.edu	Harrogate	TNThe LeMoyne-Owen College	loc.edu	Memphis	TNThe University of Memphis	memphis.edu	Memphis	TNMilligan College	milligan.edu	Milligan College	TNMiddle Tennessee State University	mtsu.edu	Murfreesboro	TNNashville State Community College	nscc.edu	Nashville	TNPellissippi State Community College	pstcc.edu	Knoxville	TNRhodes College	rhodes.edu	Memphis	TNRoane State Community College	roanestate.edu	Harriman	TNSouthern College of Optometry	sco.edu	Memphis	TNSewanee The University of the South	sewanee.edu	Sewanee	TNSouthern Adventist University	southern.edu	Collegedale	TNThe University of Tennessee	tennessee.edu	(multiple locations)	TNSouthwest Tennessee Community College	tn.edu	Memphis	TNTennessee State University	tnstate.edu	Nashville	TNTennessee Technological University	tntech.edu	Cookeville	TNTennessee Wesleyan College	twcnet.edu	Athens	TNUniversity of Tennessee Chattanooga	utc.edu	Chattanooga	TNUniversity of Tennessee Health Science Center	uthsc.edu	Memphis	TNUniversity of Tennessee Knoxville	utk.edu	Knoxville	TNUniversity of Tennessee Martin	utm.edu	Martin	TNUniversity of Tennessee Space Institute	utsi.edu	Tullahoma	TNUnion University	uu.edu	(multiple locations)	TNVanderbilt University	vanderbilt.edu	Nashville	TNVolunteer State Community College	volstate.edu	Gallatin	TNKing University	king.edu	Bristol	TNAbilene Christian University	acu.edu	Abilene	TXAlamo Colleges	alamo.edu	San Antonio	TXAlvin Community College	alvincollege.edu	Alvin	TXAngelo State University	angelo.edu	San Angelo	TXAustin Community College District	austincc.edu	Austin	TXAustin College	austincollege.edu	Sherman	TXAustin Graduate School of Theology	austingrad.edu	Austin	TXBaylor University	baylor.edu	Waco	TXBlinn College	blinn.edu	Brenham	TXBrazosport College	brazosport.edu	Lake Jackson	TXBrookhaven College	brookhavencollege.edu	Dallas	TXBaptist Health System School of Health Professions	bshp.edu	San Antonio	TXCareer Point College	careerpointcollege.edu	San Antonio	TXCedar Valley College	cedarvalleycollege.edu	Lancaster	TXCoastal Bend College	coastalbend.edu	(multiple locations)	TXCollege of the Mainland	com.edu	Texas City	TXConcordia University Texas	concordia.edu	Austin	TXCentral Texas College	ctcd.edu	Killeen	TXCulinary Institute LeNotre	culinaryinstitute.edu	Houston	TXDallas Baptist University	dbu.edu	Dallas	TXDel Mar College	delmar.edu	Corpus Christi	TXDallas Nursing Institute	dni.edu	Dallas	TXEl Paso Community College	epcc.edu	El Paso	TXEast Texas Baptist University	etbu.edu	Marshall	TXGalen College of Nursing	galencollege.edu	San Antonio	TXGalveston College	gc.edu	Galveston	TXGrayson College	grayson.edu	Denison	TXHouston Baptist University	hbu.edu	Houston	TXHouston Community College	hccs.edu	Houston	TXHill College	hillcollege.edu	Hillsboro	TXHoward College	howardcollege.edu	Big Spring	TXHoward Payne University	hputx.edu	Brownwood	TXLamar University	lamar.edu	Beaumont	TXLamar State College - Port Arthur	lamarpa.edu	Port Arthur	TXLubbock Christian University	lcu.edu	Lubbock	TXLeTourneau University	letu.edu	Longview	TXLamar Institute of Technology	lit.edu	Beaumont	TXLone Star College System	lonestar.edu	The Woodlands	TXLamar State College - Orange	lsco.edu	Orange	TXMcLennan Community College	mclennan.edu	Waco	TXMcMurry University	mcm.edu	Abilene	TXMidland College	midland.edu	Midland	TXMidwestern State University	mwsu.edu	Wichita Falls	TXNational American University	national.edu	(multiple locations)	TXNorth Central Texas College	nctc.edu	Gainesville	TXNorth American University	northamerican.edu	Houston	TXNorth Lake College	northlakecollege.edu	(multiple locations)	TXOdessa College	odessa.edu	Odessa	TXOgle School	ogleschool.edu	Denton	TXOur Lady of the Lake University	ollusa.edu	San Antonio	TXPanola College	panola.edu	Carthage	TXPatty Hands Shelton School of Nursing	phssn.edu	Abilene	TXPrairie View A&M University	pvamu.edu	Prairie View	TXRice University	rice.edu	Houston	TXRichland College	richlandcollege.edu	Dallas	TXSan Jacinto College	sanjac.edu	Pasadena	TXSchreiner University	schreiner.edu	Kerrville	TXStephen F. Austin State University	sfasu.edu	Nacogdoches	TXSam Houston State University	shsu.edu	Huntsville	TXSouthern Methodist University	smu.edu	Dallas	TXSouth Plains College	southplainscollege.edu	Levelland	TXSouth Texas College	southtexascollege.htp	McAllen	TXSouthwestern University	southwestern.edu	Georgetown	TXSeminary of the Southwest	ssw.edu	Austin	TXSouth Texas College of Law	stcl.edu	Houston	TXSaint Edward's University	stedwards.edu	Austin	TXSaint Mary's University	stmarytx.edu	San Antonio	TXUniversity of Saint Thomas	stthom.edu	Houston	TXTexas A&M Health Science Center	tamhsc.edu	Round Rock	TXTexas A&M International University	tamiu.edu	Laredo	TXTexas A&M University	tamu.edu	College Station	TXTexas A&M University Commerce	tamuc.edu	Commerce	TXTexas A&M University Corpus Christi	tamucc.edu	Corpus Christi	TXTexas A&M University Kingsville	tamuk.edu	Kingsville	TXTexas A&M University Texarkana	tamut.edu	Texarkana	TXTarleton State University	tarleton.edu	Stephenville	TXTexas Christian University	tcu.edu	Fort Worth	TXTemple College	templejc.edu	Temple	TXTyler Junior College	tjc.edu	Tyler	TXTrinity University	trinity.edu	San Antonio	TXTexas State Technical College	tstc.edu	(multiple locations)	TXTexas Southern University	tsu.edu	Houston	TXTexas Tech University	ttu.edu	Lubbock	TXTexas Tech University Health Sciences Center	ttuhsc.edu	Lubbock	TXTexas Woman's University	twu.edu	Dallas	TXTexas Chiropractic College	txchiro.edu	Pasadena	TXTexas State University	txstate.edu	San Marcos	TXUniversity of Dallas	udallas.edu	Irving	TXUniversty of Houston	uh.edu	Houston	TXUniversity of Houston Clear Lake	uhcl.edu	Houston	TXUniversity of Houston Downtown	uhd.edu	Houston	TXUniversity of the Incarnate Word	uiw.edu	San Antonio	TXUniversity of Mary Hardin-Baylor	umhb.edu	Belton	TXUniversity of North Texas	unt.edu	Denton	TXUniversity of North Texas Health Science Center	unthsc.edu	Fort Worth	TXUniversity of Texas Arlington	uta.edu	Arlington	TXUniversity of Texas Brownsville	utb.edu	Brownsville	TXUniversity of Texas Dallas	utdallas.edu	Richardson	TXUniversity of Texas at El Paso	utep.edu	El Paso	TXUniversity of Texas at Austin	utexas.edu	Austin	TXUniversity of Texas Health Science Center Houston	uth.edu	Houston	TXUniversity of Texas Health Science Center San Antonio	uthscsa.edu	San Antonio	TXUniversity of Texas Medical Branch at Galveston	utmb.edu	Galveston	TXUniversity of Texas Pan American	utpa.edu	Edinburg	TXUniversity of Texas of the Permian Basin	utpb.edu	Odessa	TXUniversity of Texas at San Antonio	utsa.edu	San Antonio	TXUniversity of Texas Southwestern Medical Center	utsouthwestern.edu	Dallas	TXUniversity of Texas at Tyler	uttyler.edu	Tyler	TXValley Grande Institute	vgi.edu	Weslaco	TXVictoria College	victoriacollege.edu	Victoria	TXWayland Baptist University	wbu.edu	Plainview	TXWeatherford College	wc.edu	Weatherford	TXWest Texas A&M University	wtamu.edu	Canyon	TXUniversity of the Virgin Islands	uvi.edu	Saint Thomas	U.S. Virgin IslandsBrigham Young University	byu.edu	Provo	UTDixie State University	dixie.edu	Saint George	UTSalt Lake Community College	slcc.edu	Salt Lake City	UTSnow College	snow.edu	Ephraim	UTSouthern Utah University	suu.edu	Cedar City	UTUtah State University	usu.edu	Logan	UTUniversity of Utah	utah.edu	Salt Lake City	UTUtah Valley University	uvu.edu	Orem	UTWeber State University	weber.edu	Ogden	UTWestern Governors University	https://www.wgu.edu/	Salt Lake City	UTAverett University	averett.edu	Saint Danville	VAChristendom College	christendom.edu	Front Royal	VAChristopher Newport University	cnu.edu	Newport News	VADabney S. Lancaster Community College	dslcc.edu	Clifton Forge	VAEastern Mennonite University	emu.edu	Harrisonburg	VAEastern Virginia Medical School	evms.edu	Norfolk	VAFerrum College	ferrum.edu	Ferrum	VAGermanna Community College	germanna.edu	Fredericksburg	VAGeorge Mason University	gmu.edu	Fairfax	VAHampden-Sydney College	hsc.edu	Hampden-Sydney	VAThe Institute for the Psychological Sciences	ipsciences.edu	Arlington	VAJames Madison University	jmu.edu	Harrisonburg	VALiberty University	liberty.edu	Lynchburg	VALongwood University	longwood.edu	Farmville	VAMarymount University	marymount.edu	Arlington	VANew River Community College	nr.edu	Dublin	VANorfolk State University	nsu.edu	Norfolk	VANorthern Virginia Community College	nvcc.edu	Springfield	VAOld Dominion University	odu.edu	Norfolk	VARadford University	radford.edu	Radford	VARandolph College	randolphcollege.edu	Lynchburg	VARappahannock Community College	rappahannock.edu	Glenns	VARegent University	regent.edu	Virgina Beach	VAReynolds Community College	reynolds.edu	Richmond	VAUniversity of Richmond	richmond.edu	Richmond	VARandolph-Macon College	rmc.edu	Ashland	VARoanoke College	roanoke.edu	Salem	VASentara College of Health Sciences	sentara.edu	Chesapeake	VAStratford University	stratford.edu	Falls Church	VAShenandoah University	su.edu	Winchester	VASouthern Virgina University	svu.edu	Buena Vista	VASouthwest Virgina Community College	sw.edu	Cedar Bluff	VATidewater Community College	tcc.edu	Norfolk	VAThomas Nelson Community College	tncc.edu	(multiple locations)	VAUniversity of Mary Washington	umw.edu	Fredericksburg	VAUniversity of Virginia's College at Wise	uvawise.edu	Wise	VAVirginia's Community Colleges	vccs.edu	Richmond	VAVirginia Commonwealth University	vcu.edu	Richmond	VAVirgina Highlands Community College	vhcc.edu	Abingdon	VAVirginia Institute of Marine Science	vims.edu	Gloucester Point	VAUniversity of Virginia	virginia.edu	Charlottesville	VAVirginia Western Community College	virginiawestern.edu	Roanoke	VAVirginia International University	viu.edu	Fairfax	VAVirginia State University	vsu.edu	Petersburg	VAVirginia Polytechnic Institute and State University	vt.edu	Blacksburg	VAVirginia Union University	vuu.edu	Richmond	VAVirginia Wesleyan College	vwc.edu	Norfolk	VAWashington and Lee University	wlu.edu	Lexington	VAThe College of William and Mary	wm.edu	Williamsburg	VACastleton State College of Vermont	castleton.edu	Castleton	VTChamplain College	champlain.edu	Burlington	VTGreen Mountain College	greenmtn.edu	Poultney	VTJohnson State College	jsc.edu	Johnson	VTMiddlebury College	middlebury.edu	Middlebury	VTNew England Culinary Institute	neci.edu	Montpelier	VTNorwich University	norwich.edu	Northfield	VTSchool for International Training	sit.edu	Brattleboro	VTSaint Michael's College	smcvt.edu	Colchester	VTUniversity of Vermont	uvm.edu	Burlington	VTUniversity of Vermont	uvm.edu	Burlington	VTVermont Law School	vermontlaw.edu	South Royalton	VTVermont Technical College	vtc.edu	Randolph Center	VTBennington College	bennington.edu	Bennington	VTBellevue College	bellevuecollege.edu	Bellevue	WABig Bend Community College	bigbend.edu	Moses Lake	WACascadia Community College	cascadia.edu	Bothell	WACentralia College	centralia.edu	Centralia	WACharter College	chartercollege.edu	(multiple locations)	WAClark College	clark.edu	Vancouver	WACentral Washington University	cwu.edu	Ellensburg	WADigiPen Institute of Technology	digipen.edu	Redmond	WAEdmonds Community College	edcc.edu	Lynnwood	WAEverett Community College	everettcc.edu	Everett	WAThe Evergreen State College	evergreen.edu	Olympia	WAEastern Washington University	ewu.edu	Cheney	WAFaith Evangelical College and Seminary	faithseminary.edu	Tacoma	WAGonzaga University	gonzaga.edu	Spokane	WAGreen River Community College	greenriver.edu	Enumclaw	WAHighline College	highline.edu	Des Moines	WAMukogawa Fort Wright Institute	mfwi.edu	Spokane	WANorth Seattle College	northseattle.edu	Seattle	WAOlympic College	olympic.edu	Bremerton	WAPeninsula College	pencol.edu	Port Angeles	WAPerry Technical Institute	perrytech.edu	Yakima	WAPacific Lutheran University	plu.edu	Tacoma	WARenton Technical College	rtc.edu	Renton	WASeattle Central College	seattlecentral.edu	Seattle	WASeattle University	seattleu.edu	Seattle	WAShoreline Community College	shoreline.edu	Shoreline	WASeattle Institute of Oriental Medicine	siom.edu	Seattle	WASkagit Valley College	skagit.edu	Mount Vernon	WASouth Seattle College	southseattle.edu	Seattle	WASpokane Falls Community College	spokanefalls.edu	Spokane	WASeattle Pacific University	spu.edu	Seattle	WASaint Martin's University	stmartin.edu	Lacey	WAUniversity of Puget Sound	pugetsound.edu	Tacoma	WAUniversity of Washington	uw.edu	Seattle	WAUniversity of Washington Bothell	uwb.edu	Bothell	WAWalla Walla University	wallawalla.edu	College Place	WAWhitman College	whitman.edu	Walla Walla	WAWhitworth University	whitworth.edu	Spokane	WAWashington State University	wsu.edu	Pullman	WAWenatchee Valley College	wvc.edu	Wenatchee	WAWalla Walla Community College	wwcc.edu	Walla Walla	WAWestern Washington University	wwu.edu	Bellingham	WAYakima Valley Community College	yvcc.edu	(multiple locations)	WAUniversity of Washington	washington.edu	Seattle	WAAlverno College	alverno.edu	Milwaukee	WICarroll University	carrollu.edu	Waukesha	WICarthage College	carthage.edu	Kenosha	WIChippewa Valley Technical College	cvtc.edu	Eau Claire	WIEdgewood College	edgewood.edu	Madison	WIGateway Technical College	gtc.edu	Kenosha	WIThe Institute of Beauty and Wellness	ibw.edu	Milwaukee	WILawrence University	lawrence.edu	Appleton	WIMadison Area Technical College	madisoncollege.edu	Madison	WIMarquette University	marquette.edu	Milwaukee	WIMilwaukee Area Technical College	matc.edu	Milwaukee	WIMedical College of Wisconsin	mcw.edu	Milwaukee	WIMilwaukee Institute of Art and Design	miad.edu	Milwaukee	WIMoraine Park Technical College	morainepark.edu	Fond du Lac	WIMilwaukee School of Engineering	msoe.edu	Milwaukee	WINorthland College	northland.edu	Ashland	WINorthcentral Technical College	ntc.edu	Wausau	WINortheast Wisconsin Technical College	nwtc.edu	Green Bay	WISilver Lake College of the Holy Family	sl.edu	Manitowoc	WISaint Norbert College	snc.edu	De Pere	WICardinal Stritch University	stritch.edu	Milwaukee	WIUniversity of Wisconsin Colleges	uwc.edu	Madison	WIUniversity of Wisconsin Eau Claire	uwec.edu	Eau Claire	WIUniversity of Wisconsin Extension	uwex.edu	Madison	WIUniversity of Wisconsin Green Bay	uwgb.edu	Green Bay	WIUniversity of Wisconsin La Crosse	uwlax.edu	La Crosse	WIUniversity of Wisconsin Milwaukee	uwm.edu	Milwaukee	WIUniversity of Wisconsin Oshkosh	uwosh.edu	Oshkosh	WIUniversity of Wisconsin Platteville	uwplatt.edu	Platteville	WIUniversity of Wisconsin River Falls	uwrf.edu	River Falls	WIUniversity of Wisconsin Stevens Point	uwsp.edu	Stevens Point	WIUniversity of Wisconsin Superior	uwsuper.edu	Superior	WIUniversity of Wisconsin Whitewater	uww.edu	Whitewater	WIViterbo University	viterbo.edu	La Crosse	WIWaukesha County Technical College	wctc.edu	Pewaukee	WI"University of Wisconsin, Madison"	wisc.edu	Madison	WIWisconsin Indianhead Technical College	witc.edu	Shell Lake	WIWisconsin Lutheran College	wlc.edu	Milwaukee	WIWisconsin Technical College System	wtcsystem.edu	Madison	WIWestern Technical College	westerntc.edu	La Crosse	WIAmerican Public University System	apus.edu	Charles Town	WVConcord University	concord.edu	Athens	WVEastern West Virgina Community and Technical College	easternwv.edu	Moorefield	WVFairmont State University	fairmontstate.edu	Fairmont	WVMarshall University	marshall.edu	Huntington	WVOhio Valley University	ovu.edu	Vienna	WVPierpont Community and Technical College	pierpont.edu	Fairmont	WVShepherd University	shepherd.edu	Shepherdstown	WVUniversity of Charleston	ucwv.edu	Charleston	WVWest Liberty University	westliberty.edu	Wheeling	WVWheeling Jesuit University	wju.edu	Wheeling	WVWest Virginia Northern Community College	wvncc.edu	Wheeling	WVWest Virginia State University	wvstateu.edu	Institute	WVWest Virginia University	wvu.edu	Morgantown	WVWest Virginia Wesleyan College	wvwc.edu	Buckhannon	WVCasper College	caspercollege.edu	Casper	WYCentral Wyoming College	cwc.edu	Riverton	WYNational Outdoor Leadership School	nols.edu	Lander	WYNorthwest College	northwestcollege.edu	Powell	WYNorthern Wyoming Community College District	sheridan.edu	Sheridan	WYUniversity of Wyoming	uwyo.edu	Laramie	WY